{
  "project_info": {
    "project_number": "295326888015",
    "project_id": "dinesync-b54f7",
    "storage_bucket": "dinesync-b54f7.appspot.com"
  },
  "client": [
    {
      "client_info": {
        "mobilesdk_app_id": "1:295326888015:android:ca47fd9e40c223669b7a3a",
        "android_client_info": {
          "package_name": "com.example.dinesync"
        }
      },
      "oauth_client": [],
      "api_key": [
        {
          "current_key": "AIzaSyA2FNIXiKdmEZfJ3Ar8d4lGy6FiThh3JK8"
        }
      ],
      "services": {
        "appinvite_service": {
          "other_platform_oauth_client": []
        }
      }
    }
  ],
  "configuration_version": "1"
}