{"v":"5.5.7","meta":{"g":"LottieFiles AE 0.1.21","a":"","k":"","d":"","tc":"#FFFFFF"},"fr":24,"ip":0,"op":80,"w":720,"h":720,"nm":"Food Preparation Loading Animation - Type B","ddd":0,"assets":[],"layers":[{"ddd":0,"ind":1,"ty":4,"nm":"bowl","sr":1,"ks":{"o":{"a":0,"k":100,"ix":11},"r":{"a":0,"k":0,"ix":10},"p":{"a":0,"k":[360,360,0],"ix":2},"a":{"a":0,"k":[0,0,0],"ix":1},"s":{"a":0,"k":[100,100,100],"ix":6}},"ao":0,"shapes":[{"ty":"gr","it":[{"ind":0,"ty":"sh","ix":1,"ks":{"a":0,"k":{"i":[[0,0],[-52,0],[0,0]],"o":[[0,0],[52,0],[0,0]],"v":[[143,126],[202,163],[257,126]],"c":true},"ix":2},"nm":"Path 1","mn":"ADBE Vector Shape - Group","hd":false},{"ty":"st","c":{"a":0,"k":[0.101960784314,0.101960784314,0.101960784314,1],"ix":3},"o":{"a":0,"k":100,"ix":4},"w":{"a":0,"k":7,"ix":5},"lc":1,"lj":1,"ml":4,"bm":0,"nm":"Stroke 1","mn":"ADBE Vector Graphic - Stroke","hd":false},{"ty":"fl","c":{"a":0,"k":[1,1,1,1],"ix":4},"o":{"a":0,"k":100,"ix":5},"r":1,"bm":0,"nm":"Fill 1","mn":"ADBE Vector Graphic - Fill","hd":false},{"ty":"tr","p":{"a":0,"k":[0,-2],"ix":2},"a":{"a":0,"k":[0,0],"ix":1},"s":{"a":0,"k":[100,100],"ix":3},"r":{"a":0,"k":0,"ix":6},"o":{"a":0,"k":100,"ix":7},"sk":{"a":0,"k":0,"ix":4},"sa":{"a":0,"k":0,"ix":5},"nm":"Transform"}],"nm":"Shape 1","np":3,"cix":2,"bm":0,"ix":1,"mn":"ADBE Vector Group","hd":false},{"ty":"gr","it":[{"ind":0,"ty":"sh","ix":1,"ks":{"a":0,"k":{"i":[[0,0],[0,0]],"o":[[0,0],[0,0]],"v":[[167.5,161.5],[233.5,161.5]],"c":false},"ix":2},"nm":"Path 1","mn":"ADBE Vector Shape - Group","hd":false},{"ty":"st","c":{"a":0,"k":[0.101960784314,0.101960784314,0.101960784314,1],"ix":3},"o":{"a":0,"k":100,"ix":4},"w":{"a":0,"k":7,"ix":5},"lc":1,"lj":1,"ml":4,"bm":0,"nm":"Stroke 1","mn":"ADBE Vector Graphic - Stroke","hd":false},{"ty":"fl","c":{"a":0,"k":[0.141176470588,0.301960784314,1,1],"ix":4},"o":{"a":0,"k":100,"ix":5},"r":1,"bm":0,"nm":"Fill 1","mn":"ADBE Vector Graphic - Fill","hd":false},{"ty":"tr","p":{"a":0,"k":[0,0],"ix":2},"a":{"a":0,"k":[0,0],"ix":1},"s":{"a":0,"k":[100,100],"ix":3},"r":{"a":0,"k":0,"ix":6},"o":{"a":0,"k":100,"ix":7},"sk":{"a":0,"k":0,"ix":4},"sa":{"a":0,"k":0,"ix":5},"nm":"Transform"}],"nm":"Shape 2","np":3,"cix":2,"bm":0,"ix":2,"mn":"ADBE Vector Group","hd":false}],"ip":0,"op":480,"st":0,"bm":0},{"ddd":0,"ind":2,"ty":4,"nm":"fire 5","sr":1,"ks":{"o":{"a":0,"k":100,"ix":11},"r":{"a":0,"k":0,"ix":10},"p":{"a":0,"k":[263.164,522.593,0],"ix":2},"a":{"a":0,"k":[-80.177,132.998,0],"ix":1},"s":{"a":1,"k":[{"i":{"x":[0.806,0.806,0.806],"y":[1,1,1]},"o":{"x":[0.43,0.43,0.43],"y":[0.516,0.516,2.671]},"t":0,"s":[106.604,122.563,100]},{"i":{"x":[0.833,0.833,0.833],"y":[1,1,1]},"o":{"x":[0.167,0.167,0.167],"y":[0,0,0]},"t":4,"s":[112,141,100]},{"i":{"x":[0.833,0.833,0.833],"y":[1,1,1]},"o":{"x":[0.333,0.333,0.333],"y":[0,0,0]},"t":14,"s":[100,100,100]},{"i":{"x":[0.833,0.833,0.833],"y":[1,1,1]},"o":{"x":[0.167,0.167,0.167],"y":[0,0,0]},"t":24,"s":[112,141,100]},{"i":{"x":[0.833,0.833,0.833],"y":[1,1,1]},"o":{"x":[0.333,0.333,0.333],"y":[0,0,0]},"t":34,"s":[100,100,100]},{"i":{"x":[0.833,0.833,0.833],"y":[1,1,1]},"o":{"x":[0.167,0.167,0.167],"y":[0,0,0]},"t":44,"s":[112,141,100]},{"i":{"x":[0.833,0.833,0.833],"y":[1,1,1]},"o":{"x":[0.333,0.333,0.333],"y":[0,0,0]},"t":54,"s":[100,100,100]},{"i":{"x":[0.833,0.833,0.833],"y":[1,1,1]},"o":{"x":[0.167,0.167,0.167],"y":[0,0,0]},"t":64,"s":[112,141,100]},{"i":{"x":[0.672,0.672,0.672],"y":[0.517,0.517,1]},"o":{"x":[0.296,0.296,0.296],"y":[0,0,0]},"t":74,"s":[100,100,100]},{"t":80,"s":[106.604,122.563,100]}],"ix":6}},"ao":0,"shapes":[{"ty":"gr","it":[{"ind":0,"ty":"sh","ix":1,"ks":{"a":0,"k":{"i":[[0,0],[0,0],[0,0]],"o":[[0,0],[0,0],[0,0]],"v":[[-34.293,89.481],[-80.177,132.998],[-14.314,133.71]],"c":true},"ix":2},"nm":"Path 1","mn":"ADBE Vector Shape - Group","hd":false},{"ty":"st","c":{"a":0,"k":[0.23148019828,0.83137254902,0.527897673962,1],"ix":3},"o":{"a":0,"k":100,"ix":4},"w":{"a":0,"k":0,"ix":5},"lc":1,"lj":1,"ml":4,"bm":0,"nm":"Stroke 1","mn":"ADBE Vector Graphic - Stroke","hd":false},{"ty":"fl","c":{"a":0,"k":[1,0.364705882353,0.141176470588,1],"ix":4},"o":{"a":0,"k":100,"ix":5},"r":1,"bm":0,"nm":"Fill 1","mn":"ADBE Vector Graphic - Fill","hd":false},{"ty":"tr","p":{"a":0,"k":[0,0],"ix":2},"a":{"a":0,"k":[0,0],"ix":1},"s":{"a":0,"k":[100,100],"ix":3},"r":{"a":0,"k":0,"ix":6},"o":{"a":0,"k":100,"ix":7},"sk":{"a":0,"k":0,"ix":4},"sa":{"a":0,"k":0,"ix":5},"nm":"Transform"}],"nm":"Shape 1","np":3,"cix":2,"bm":0,"ix":1,"mn":"ADBE Vector Group","hd":false}],"ip":0,"op":480,"st":0,"bm":1},{"ddd":0,"ind":3,"ty":4,"nm":"fire 2","sr":1,"ks":{"o":{"a":0,"k":100,"ix":11},"r":{"a":0,"k":0,"ix":10},"p":{"a":0,"k":[383.922,522.394,0],"ix":2},"a":{"a":0,"k":[-80.177,132.998,0],"ix":1},"s":{"a":1,"k":[{"i":{"x":[0.833,0.833,0.833],"y":[1,1,1]},"o":{"x":[0.333,0.333,0.333],"y":[0,0,0]},"t":0,"s":[100,100,100]},{"i":{"x":[0.833,0.833,0.833],"y":[1,1,1]},"o":{"x":[0.167,0.167,0.167],"y":[0,0,0]},"t":10,"s":[112,141,100]},{"i":{"x":[0.833,0.833,0.833],"y":[1,1,1]},"o":{"x":[0.333,0.333,0.333],"y":[0,0,0]},"t":20,"s":[100,100,100]},{"i":{"x":[0.833,0.833,0.833],"y":[1,1,1]},"o":{"x":[0.167,0.167,0.167],"y":[0,0,0]},"t":30,"s":[112,141,100]},{"i":{"x":[0.833,0.833,0.833],"y":[1,1,1]},"o":{"x":[0.333,0.333,0.333],"y":[0,0,0]},"t":40,"s":[100,100,100]},{"i":{"x":[0.833,0.833,0.833],"y":[1,1,1]},"o":{"x":[0.167,0.167,0.167],"y":[0,0,0]},"t":50,"s":[112,141,100]},{"i":{"x":[0.833,0.833,0.833],"y":[1,1,1]},"o":{"x":[0.333,0.333,0.333],"y":[0,0,0]},"t":60,"s":[100,100,100]},{"i":{"x":[0.833,0.833,0.833],"y":[1,1,1]},"o":{"x":[0.167,0.167,0.167],"y":[0,0,0]},"t":70,"s":[112,141,100]},{"t":80,"s":[100,100,100]}],"ix":6}},"ao":0,"shapes":[{"ty":"gr","it":[{"ind":0,"ty":"sh","ix":1,"ks":{"a":0,"k":{"i":[[0,0],[0,0],[0,0]],"o":[[0,0],[0,0],[0,0]],"v":[[-34.293,89.481],[-80.177,132.998],[-14.314,133.71]],"c":true},"ix":2},"nm":"Path 1","mn":"ADBE Vector Shape - Group","hd":false},{"ty":"st","c":{"a":0,"k":[0.23148019828,0.83137254902,0.527897673962,1],"ix":3},"o":{"a":0,"k":100,"ix":4},"w":{"a":0,"k":0,"ix":5},"lc":1,"lj":1,"ml":4,"bm":0,"nm":"Stroke 1","mn":"ADBE Vector Graphic - Stroke","hd":false},{"ty":"fl","c":{"a":0,"k":[1,0.364705882353,0.141176470588,1],"ix":4},"o":{"a":0,"k":100,"ix":5},"r":1,"bm":0,"nm":"Fill 1","mn":"ADBE Vector Graphic - Fill","hd":false},{"ty":"tr","p":{"a":0,"k":[0,0],"ix":2},"a":{"a":0,"k":[0,0],"ix":1},"s":{"a":0,"k":[100,100],"ix":3},"r":{"a":0,"k":0,"ix":6},"o":{"a":0,"k":100,"ix":7},"sk":{"a":0,"k":0,"ix":4},"sa":{"a":0,"k":0,"ix":5},"nm":"Transform"}],"nm":"Shape 1","np":3,"cix":2,"bm":0,"ix":1,"mn":"ADBE Vector Group","hd":false}],"ip":0,"op":480,"st":0,"bm":1},{"ddd":0,"ind":4,"ty":4,"nm":"fire 4","sr":1,"ks":{"o":{"a":0,"k":100,"ix":11},"r":{"a":0,"k":0,"ix":10},"p":{"a":0,"k":[305.164,522.524,0],"ix":2},"a":{"a":0,"k":[-80.177,132.998,0],"ix":1},"s":{"a":1,"k":[{"i":{"x":[0.822,0.822,0.822],"y":[1,1,1]},"o":{"x":[0.415,0.415,0.415],"y":[0.418,0.418,0]},"t":0,"s":[103.525,112.043,100]},{"i":{"x":[0.833,0.833,0.833],"y":[1,1,1]},"o":{"x":[0.167,0.167,0.167],"y":[0,0,0]},"t":6,"s":[112,141,100]},{"i":{"x":[0.833,0.833,0.833],"y":[1,1,1]},"o":{"x":[0.333,0.333,0.333],"y":[0,0,0]},"t":16,"s":[100,100,100]},{"i":{"x":[0.833,0.833,0.833],"y":[1,1,1]},"o":{"x":[0.167,0.167,0.167],"y":[0,0,0]},"t":26,"s":[112,141,100]},{"i":{"x":[0.833,0.833,0.833],"y":[1,1,1]},"o":{"x":[0.333,0.333,0.333],"y":[0,0,0]},"t":36,"s":[100,100,100]},{"i":{"x":[0.833,0.833,0.833],"y":[1,1,1]},"o":{"x":[0.167,0.167,0.167],"y":[0,0,0]},"t":46,"s":[112,141,100]},{"i":{"x":[0.833,0.833,0.833],"y":[1,1,1]},"o":{"x":[0.333,0.333,0.333],"y":[0,0,0]},"t":56,"s":[100,100,100]},{"i":{"x":[0.833,0.833,0.833],"y":[1,1,1]},"o":{"x":[0.167,0.167,0.167],"y":[0,0,0]},"t":66,"s":[112,141,100]},{"i":{"x":[0.652,0.652,0.652],"y":[0.438,0.438,1]},"o":{"x":[0.299,0.299,0.299],"y":[0,0,0]},"t":76,"s":[100,100,100]},{"t":80,"s":[103.525,112.043,100]}],"ix":6}},"ao":0,"shapes":[{"ty":"gr","it":[{"ind":0,"ty":"sh","ix":1,"ks":{"a":0,"k":{"i":[[0,0],[0,0],[0,0]],"o":[[0,0],[0,0],[0,0]],"v":[[-34.293,89.481],[-80.177,132.998],[-14.314,133.71]],"c":true},"ix":2},"nm":"Path 1","mn":"ADBE Vector Shape - Group","hd":false},{"ty":"st","c":{"a":0,"k":[0.23148019828,0.83137254902,0.527897673962,1],"ix":3},"o":{"a":0,"k":100,"ix":4},"w":{"a":0,"k":0,"ix":5},"lc":1,"lj":1,"ml":4,"bm":0,"nm":"Stroke 1","mn":"ADBE Vector Graphic - Stroke","hd":false},{"ty":"fl","c":{"a":0,"k":[1,0.364705882353,0.141176470588,1],"ix":4},"o":{"a":0,"k":100,"ix":5},"r":1,"bm":0,"nm":"Fill 1","mn":"ADBE Vector Graphic - Fill","hd":false},{"ty":"tr","p":{"a":0,"k":[0,0],"ix":2},"a":{"a":0,"k":[0,0],"ix":1},"s":{"a":0,"k":[100,100],"ix":3},"r":{"a":0,"k":0,"ix":6},"o":{"a":0,"k":100,"ix":7},"sk":{"a":0,"k":0,"ix":4},"sa":{"a":0,"k":0,"ix":5},"nm":"Transform"}],"nm":"Shape 1","np":3,"cix":2,"bm":0,"ix":1,"mn":"ADBE Vector Group","hd":false}],"ip":0,"op":480,"st":0,"bm":1},{"ddd":0,"ind":5,"ty":4,"nm":"fire 3","sr":1,"ks":{"o":{"a":0,"k":100,"ix":11},"r":{"a":0,"k":0,"ix":10},"p":{"a":0,"k":[345.392,522.455,0],"ix":2},"a":{"a":0,"k":[-80.177,132.998,0],"ix":1},"s":{"a":1,"k":[{"i":{"x":[0.83,0.83,0.83],"y":[1,1,1]},"o":{"x":[0.385,0.385,0.385],"y":[0.271,0.271,0]},"t":0,"s":[101.09,103.725,100]},{"i":{"x":[0.833,0.833,0.833],"y":[1,1,1]},"o":{"x":[0.167,0.167,0.167],"y":[0,0,0]},"t":8,"s":[112,141,100]},{"i":{"x":[0.833,0.833,0.833],"y":[1,1,1]},"o":{"x":[0.333,0.333,0.333],"y":[0,0,0]},"t":18,"s":[100,100,100]},{"i":{"x":[0.833,0.833,0.833],"y":[1,1,1]},"o":{"x":[0.167,0.167,0.167],"y":[0,0,0]},"t":28,"s":[112,141,100]},{"i":{"x":[0.833,0.833,0.833],"y":[1,1,1]},"o":{"x":[0.333,0.333,0.333],"y":[0,0,0]},"t":38,"s":[100,100,100]},{"i":{"x":[0.833,0.833,0.833],"y":[1,1,1]},"o":{"x":[0.167,0.167,0.167],"y":[0,0,0]},"t":48,"s":[112,141,100]},{"i":{"x":[0.833,0.833,0.833],"y":[1,1,1]},"o":{"x":[0.333,0.333,0.333],"y":[0,0,0]},"t":58,"s":[100,100,100]},{"i":{"x":[0.833,0.833,0.833],"y":[1,1,1]},"o":{"x":[0.167,0.167,0.167],"y":[0,0,0]},"t":68,"s":[112,141,100]},{"i":{"x":[0.649,0.649,0.649],"y":[0.38,0.38,1]},"o":{"x":[0.31,0.31,0.31],"y":[0,0,0]},"t":78,"s":[100,100,100]},{"t":80,"s":[101.09,103.725,100]}],"ix":6}},"ao":0,"shapes":[{"ty":"gr","it":[{"ind":0,"ty":"sh","ix":1,"ks":{"a":0,"k":{"i":[[0,0],[0,0],[0,0]],"o":[[0,0],[0,0],[0,0]],"v":[[-34.293,89.481],[-80.177,132.998],[-14.314,133.71]],"c":true},"ix":2},"nm":"Path 1","mn":"ADBE Vector Shape - Group","hd":false},{"ty":"st","c":{"a":0,"k":[0.23148019828,0.83137254902,0.527897673962,1],"ix":3},"o":{"a":0,"k":100,"ix":4},"w":{"a":0,"k":0,"ix":5},"lc":1,"lj":1,"ml":4,"bm":0,"nm":"Stroke 1","mn":"ADBE Vector Graphic - Stroke","hd":false},{"ty":"fl","c":{"a":0,"k":[1,0.364705882353,0.141176470588,1],"ix":4},"o":{"a":0,"k":100,"ix":5},"r":1,"bm":0,"nm":"Fill 1","mn":"ADBE Vector Graphic - Fill","hd":false},{"ty":"tr","p":{"a":0,"k":[0,0],"ix":2},"a":{"a":0,"k":[0,0],"ix":1},"s":{"a":0,"k":[100,100],"ix":3},"r":{"a":0,"k":0,"ix":6},"o":{"a":0,"k":100,"ix":7},"sk":{"a":0,"k":0,"ix":4},"sa":{"a":0,"k":0,"ix":5},"nm":"Transform"}],"nm":"Shape 1","np":3,"cix":2,"bm":0,"ix":1,"mn":"ADBE Vector Group","hd":false}],"ip":0,"op":480,"st":0,"bm":1},{"ddd":0,"ind":6,"ty":4,"nm":"stove","sr":1,"ks":{"o":{"a":0,"k":100,"ix":11},"r":{"a":0,"k":0,"ix":10},"p":{"a":0,"k":[360,360,0],"ix":2},"a":{"a":0,"k":[0,0,0],"ix":1},"s":{"a":0,"k":[100,100,100],"ix":6}},"ao":0,"shapes":[{"ty":"gr","it":[{"ind":0,"ty":"sh","ix":1,"ks":{"a":0,"k":{"i":[[0,0],[0,0],[0,0]],"o":[[0,0],[0,0],[0,0]],"v":[[88,144],[115,144],[121,160]],"c":false},"ix":2},"nm":"Path 1","mn":"ADBE Vector Shape - Group","hd":false},{"ty":"st","c":{"a":0,"k":[0.101961001228,0.101961001228,0.101961001228,1],"ix":3},"o":{"a":0,"k":100,"ix":4},"w":{"a":0,"k":7,"ix":5},"lc":1,"lj":1,"ml":4,"bm":0,"nm":"Stroke 1","mn":"ADBE Vector Graphic - Stroke","hd":false},{"ty":"tr","p":{"a":0,"k":[0,0],"ix":2},"a":{"a":0,"k":[0,0],"ix":1},"s":{"a":0,"k":[100,100],"ix":3},"r":{"a":0,"k":0,"ix":6},"o":{"a":0,"k":100,"ix":7},"sk":{"a":0,"k":0,"ix":4},"sa":{"a":0,"k":0,"ix":5},"nm":"Transform"}],"nm":"Shape 3","np":3,"cix":2,"bm":0,"ix":1,"mn":"ADBE Vector Group","hd":false},{"ty":"gr","it":[{"ind":0,"ty":"sh","ix":1,"ks":{"a":0,"k":{"i":[[0,0],[0,0],[0,0],[0,0],[0,0]],"o":[[0,0],[0,0],[0,0],[0,0],[0,0]],"v":[[145,161],[-142,161],[-14,161],[-14,145],[-5,145]],"c":false},"ix":2},"nm":"Path 1","mn":"ADBE Vector Shape - Group","hd":false},{"ty":"st","c":{"a":0,"k":[0.101961001228,0.101961001228,0.101961001228,1],"ix":3},"o":{"a":0,"k":100,"ix":4},"w":{"a":0,"k":7,"ix":5},"lc":1,"lj":1,"ml":4,"bm":0,"nm":"Stroke 1","mn":"ADBE Vector Graphic - Stroke","hd":false},{"ty":"tr","p":{"a":0,"k":[0,0],"ix":2},"a":{"a":0,"k":[0,0],"ix":1},"s":{"a":0,"k":[100,100],"ix":3},"r":{"a":0,"k":0,"ix":6},"o":{"a":0,"k":100,"ix":7},"sk":{"a":0,"k":0,"ix":4},"sa":{"a":0,"k":0,"ix":5},"nm":"Transform"}],"nm":"Shape 2","np":3,"cix":2,"bm":0,"ix":2,"mn":"ADBE Vector Group","hd":false},{"ty":"gr","it":[{"ind":0,"ty":"sh","ix":1,"ks":{"a":0,"k":{"i":[[0,0],[0,0],[0,0]],"o":[[0,0],[0,0],[0,0]],"v":[[-120,161],[-115,145],[-85,145]],"c":false},"ix":2},"nm":"Path 1","mn":"ADBE Vector Shape - Group","hd":false},{"ty":"st","c":{"a":0,"k":[0.101961001228,0.101961001228,0.101961001228,1],"ix":3},"o":{"a":0,"k":100,"ix":4},"w":{"a":0,"k":7,"ix":5},"lc":1,"lj":1,"ml":4,"bm":0,"nm":"Stroke 1","mn":"ADBE Vector Graphic - Stroke","hd":false},{"ty":"tr","p":{"a":0,"k":[0,0],"ix":2},"a":{"a":0,"k":[0,0],"ix":1},"s":{"a":0,"k":[100,100],"ix":3},"r":{"a":0,"k":0,"ix":6},"o":{"a":0,"k":100,"ix":7},"sk":{"a":0,"k":0,"ix":4},"sa":{"a":0,"k":0,"ix":5},"nm":"Transform"}],"nm":"Shape 1","np":3,"cix":2,"bm":0,"ix":3,"mn":"ADBE Vector Group","hd":false}],"ip":0,"op":480,"st":0,"bm":0},{"ddd":0,"ind":7,"ty":4,"nm":"pot","sr":1,"ks":{"o":{"a":0,"k":100,"ix":11},"r":{"a":0,"k":0,"ix":10},"p":{"a":0,"k":[360,434.89,0],"ix":2},"a":{"a":0,"k":[-2.897,110.825,0],"ix":1},"s":{"a":0,"k":[100,100,100],"ix":6}},"ao":0,"shapes":[{"ty":"gr","it":[{"ind":0,"ty":"sh","ix":1,"ks":{"a":0,"k":{"i":[[0,0],[0,0]],"o":[[0,0],[0,0]],"v":[[-128,-99.5],[128,-99.5]],"c":false},"ix":2},"nm":"Path 1","mn":"ADBE Vector Shape - Group","hd":false},{"ty":"st","c":{"a":0,"k":[0.101960784314,0.101960784314,0.101960784314,1],"ix":3},"o":{"a":0,"k":100,"ix":4},"w":{"a":0,"k":7,"ix":5},"lc":2,"lj":1,"ml":4,"bm":0,"nm":"Stroke 1","mn":"ADBE Vector Graphic - Stroke","hd":false},{"ty":"tr","p":{"a":0,"k":[0,122],"ix":2},"a":{"a":0,"k":[0,0],"ix":1},"s":{"a":0,"k":[100,100],"ix":3},"r":{"a":0,"k":0,"ix":6},"o":{"a":0,"k":100,"ix":7},"sk":{"a":0,"k":0,"ix":4},"sa":{"a":0,"k":0,"ix":5},"nm":"Transform"}],"nm":"Shape 3","np":3,"cix":2,"bm":0,"ix":1,"mn":"ADBE Vector Group","hd":false},{"ty":"gr","it":[{"ind":0,"ty":"sh","ix":1,"ks":{"a":0,"k":{"i":[[0,0],[0,11.64],[23.5,0],[0,-15],[0,0]],"o":[[0,0],[0,-11.64],[-23.5,0],[0,9.5],[0,0]],"v":[[124,-52.86],[124,-67.86],[143.5,-86.64],[87.5,-67.64],[87.5,-54.14]],"c":false},"ix":2},"nm":"Path 1","mn":"ADBE Vector Shape - Group","hd":false},{"ty":"st","c":{"a":0,"k":[0.101960784314,0.101960784314,0.101960784314,1],"ix":3},"o":{"a":0,"k":100,"ix":4},"w":{"a":0,"k":7,"ix":5},"lc":2,"lj":1,"ml":4,"bm":0,"nm":"Stroke 1","mn":"ADBE Vector Graphic - Stroke","hd":false},{"ty":"tr","p":{"a":0,"k":[0,122],"ix":2},"a":{"a":0,"k":[0,0],"ix":1},"s":{"a":0,"k":[100,100],"ix":3},"r":{"a":0,"k":0,"ix":6},"o":{"a":0,"k":100,"ix":7},"sk":{"a":0,"k":0,"ix":4},"sa":{"a":0,"k":0,"ix":5},"nm":"Transform"}],"nm":"Shape 2","np":3,"cix":2,"bm":0,"ix":2,"mn":"ADBE Vector Group","hd":false},{"ty":"gr","it":[{"ind":0,"ty":"sh","ix":1,"ks":{"a":0,"k":{"i":[[0,0],[0,0]],"o":[[0,0],[0,0]],"v":[[-128.103,-92],[127.897,-92]],"c":false},"ix":2},"nm":"Path 1","mn":"ADBE Vector Shape - Group","hd":false},{"ty":"st","c":{"a":0,"k":[1,1,1,1],"ix":3},"o":{"a":0,"k":100,"ix":4},"w":{"a":0,"k":7,"ix":5},"lc":2,"lj":1,"ml":4,"bm":0,"nm":"Stroke 1","mn":"ADBE Vector Graphic - Stroke","hd":false},{"ty":"tr","p":{"a":0,"k":[0,121.5],"ix":2},"a":{"a":0,"k":[0,0],"ix":1},"s":{"a":0,"k":[100,100],"ix":3},"r":{"a":0,"k":0,"ix":6},"o":{"a":0,"k":100,"ix":7},"sk":{"a":0,"k":0,"ix":4},"sa":{"a":0,"k":0,"ix":5},"nm":"Transform"}],"nm":"Shape 4","np":3,"cix":2,"bm":0,"ix":3,"mn":"ADBE Vector Group","hd":false},{"ty":"gr","it":[{"ty":"gr","it":[{"ty":"rc","d":1,"s":{"a":0,"k":[250.624,180.946],"ix":2},"p":{"a":0,"k":[0,0],"ix":3},"r":{"a":0,"k":40,"ix":4},"nm":"Rectangle Path 1","mn":"ADBE Vector Shape - Rect","hd":false},{"ty":"tm","s":{"a":0,"k":0,"ix":1},"e":{"a":0,"k":64,"ix":2},"o":{"a":0,"k":0,"ix":3},"m":1,"ix":2,"nm":"Trim Paths 1","mn":"ADBE Vector Filter - Trim","hd":false},{"ty":"st","c":{"a":0,"k":[0.101960784314,0.101960784314,0.101960784314,1],"ix":3},"o":{"a":0,"k":100,"ix":4},"w":{"a":0,"k":7,"ix":5},"lc":1,"lj":1,"ml":4,"bm":0,"nm":"Stroke 1","mn":"ADBE Vector Graphic - Stroke","hd":false},{"ty":"fl","c":{"a":0,"k":[1,1,1,1],"ix":4},"o":{"a":0,"k":100,"ix":5},"r":1,"bm":0,"nm":"Fill 1","mn":"ADBE Vector Graphic - Fill","hd":false},{"ty":"tr","p":{"a":0,"k":[-2.897,85.825],"ix":2},"a":{"a":0,"k":[0,0],"ix":1},"s":{"a":0,"k":[100,100],"ix":3},"r":{"a":0,"k":0,"ix":6},"o":{"a":0,"k":100,"ix":7},"sk":{"a":0,"k":0,"ix":4},"sa":{"a":0,"k":0,"ix":5},"nm":"Transform"}],"nm":"Rectangle 1","np":4,"cix":2,"bm":0,"ix":1,"mn":"ADBE Vector Group","hd":false},{"ty":"tr","p":{"a":0,"k":[-2.897,102.381],"ix":2},"a":{"a":0,"k":[-2.897,102.381],"ix":1},"s":{"a":0,"k":[100,100],"ix":3},"r":{"a":0,"k":0,"ix":6},"o":{"a":0,"k":100,"ix":7},"sk":{"a":0,"k":0,"ix":4},"sa":{"a":0,"k":0,"ix":5},"nm":"Transform"}],"nm":"Group 1","np":1,"cix":2,"bm":0,"ix":4,"mn":"ADBE Vector Group","hd":false},{"ty":"gr","it":[{"ind":0,"ty":"sh","ix":1,"ks":{"a":0,"k":{"i":[[0,0],[0,11.64],[23.5,0],[0,-15],[0,0]],"o":[[0,0],[0,-11.64],[-23.5,0],[0,9.5],[0,0]],"v":[[124,-52.86],[124,-67.86],[74,-86.64],[87.5,-67.64],[87.5,-54.14]],"c":false},"ix":2},"nm":"Path 1","mn":"ADBE Vector Shape - Group","hd":false},{"ty":"st","c":{"a":0,"k":[0.101960784314,0.101960784314,0.101960784314,1],"ix":3},"o":{"a":0,"k":100,"ix":4},"w":{"a":0,"k":7,"ix":5},"lc":2,"lj":1,"ml":4,"bm":0,"nm":"Stroke 1","mn":"ADBE Vector Graphic - Stroke","hd":false},{"ty":"tr","p":{"a":0,"k":[-215,121],"ix":2},"a":{"a":0,"k":[0,0],"ix":1},"s":{"a":0,"k":[100,100],"ix":3},"r":{"a":0,"k":0,"ix":6},"o":{"a":0,"k":100,"ix":7},"sk":{"a":0,"k":0,"ix":4},"sa":{"a":0,"k":0,"ix":5},"nm":"Transform"}],"nm":"Shape 5","np":3,"cix":2,"bm":0,"ix":5,"mn":"ADBE Vector Group","hd":false}],"ip":0,"op":480,"st":0,"bm":0},{"ddd":0,"ind":8,"ty":4,"nm":"hand","sr":1,"ks":{"o":{"a":0,"k":100,"ix":11},"r":{"a":1,"k":[{"i":{"x":[0.565],"y":[1]},"o":{"x":[0.457],"y":[0]},"t":0,"s":[11]},{"i":{"x":[0.465],"y":[1]},"o":{"x":[0.489],"y":[0]},"t":12,"s":[26]},{"i":{"x":[0.698],"y":[1.066]},"o":{"x":[0.488],"y":[0]},"t":22,"s":[-5.947]},{"i":{"x":[0.601],"y":[0.835]},"o":{"x":[0.285],"y":[0.012]},"t":32,"s":[-14.602]},{"i":{"x":[0.625],"y":[1]},"o":{"x":[0.296],"y":[-0.158]},"t":36,"s":[3.986]},{"i":{"x":[0.448],"y":[1]},"o":{"x":[0.462],"y":[0]},"t":41,"s":[-14]},{"i":{"x":[0.833],"y":[1]},"o":{"x":[0.333],"y":[0]},"t":69,"s":[0]},{"t":80,"s":[11]}],"ix":10},"p":{"a":1,"k":[{"i":{"x":0.428,"y":0.707},"o":{"x":0.457,"y":0},"t":0,"s":[525,264,0],"to":[0,0,0],"ti":[1,-35,0]},{"i":{"x":0.657,"y":0.924},"o":{"x":0.702,"y":0.118},"t":12,"s":[587,240,0],"to":[-1,35,0],"ti":[0,0,0]},{"i":{"x":0.465,"y":1},"o":{"x":0.244,"y":0.288},"t":20,"s":[581.065,435.979,0],"to":[0,0,0],"ti":[0,0,0]},{"i":{"x":0.708,"y":0.704},"o":{"x":0.607,"y":0},"t":25,"s":[581.065,414.979,0],"to":[0,0,0],"ti":[52.331,59.99,0]},{"i":{"x":0.466,"y":1},"o":{"x":0.219,"y":0.582},"t":32,"s":[552.831,259.49,0],"to":[-52.331,-59.99,0],"ti":[0,0,0]},{"i":{"x":0.486,"y":1},"o":{"x":0.487,"y":0},"t":45,"s":[459,256,0],"to":[0,0,0],"ti":[0,0,0]},{"i":{"x":0.501,"y":1},"o":{"x":0.583,"y":0},"t":69,"s":[459,209,0],"to":[0,0,0],"ti":[0,0,0]},{"t":80,"s":[525,264,0]}],"ix":2},"a":{"a":0,"k":[127,-151,0],"ix":1},"s":{"a":0,"k":[100,100,100],"ix":6}},"ao":0,"shapes":[{"ty":"gr","it":[{"ind":0,"ty":"sh","ix":1,"ks":{"a":0,"k":{"i":[[0,0],[2.936,-10.706],[0,0],[0,0]],"o":[[0,0],[-2.936,10.706],[0,0],[0,0]],"v":[[155.893,-165.925],[152.888,-143.982],[147.899,-128.772],[141.184,-108.998]],"c":false},"ix":2},"nm":"Path 1","mn":"ADBE Vector Shape - Group","hd":false},{"ty":"st","c":{"a":0,"k":[0.101960784314,0.101960784314,0.101960784314,1],"ix":3},"o":{"a":0,"k":100,"ix":4},"w":{"a":0,"k":7,"ix":5},"lc":1,"lj":1,"ml":4,"bm":0,"nm":"Stroke 1","mn":"ADBE Vector Graphic - Stroke","hd":false},{"ty":"fl","c":{"a":0,"k":[1,1,1,1],"ix":4},"o":{"a":0,"k":100,"ix":5},"r":1,"bm":0,"nm":"Fill 1","mn":"ADBE Vector Graphic - Fill","hd":false},{"ty":"tr","p":{"a":0,"k":[0,0],"ix":2},"a":{"a":0,"k":[0,0],"ix":1},"s":{"a":0,"k":[100,100],"ix":3},"r":{"a":0,"k":0,"ix":6},"o":{"a":0,"k":100,"ix":7},"sk":{"a":0,"k":0,"ix":4},"sa":{"a":0,"k":0,"ix":5},"nm":"Transform"}],"nm":"Shape 3","np":3,"cix":2,"bm":0,"ix":1,"mn":"ADBE Vector Group","hd":false},{"ty":"gr","it":[{"ind":0,"ty":"sh","ix":1,"ks":{"a":1,"k":[{"i":{"x":0.833,"y":1},"o":{"x":0.333,"y":0},"t":0,"s":[{"i":[[0,0],[0,0],[0.75,-31],[-1.186,5.492],[0,0],[2.75,-25.25],[-1.125,4.303],[0,0],[-1,-24],[-2.035,6.716],[0,0],[2,-10.25],[0.263,-7.11],[-9.242,-0.804],[-3.703,11.109]],"o":[[0,0],[0,0],[-0.089,3.698],[4.75,-22],[0,0],[-0.481,4.421],[5.75,-22],[0,0],[0.161,3.853],[5,-16.5],[0,0],[-1.449,7.426],[-0.5,13.5],[5.75,0.5],[2,-6]],"v":[[93,-177.5],[80,-165],[68.75,-102.5],[79.5,-99.75],[95.25,-147],[85.75,-98.5],[97,-94.75],[114,-142.25],[107.25,-92.75],[117.5,-92.75],[130.25,-137.5],[128.25,-124.25],[126,-110],[131,-89.25],[141.25,-108.5]],"c":false}]},{"i":{"x":0.667,"y":1},"o":{"x":0.333,"y":0},"t":17,"s":[{"i":[[0,0],[0,0],[0.75,-31],[-1.186,5.492],[0,0],[2.75,-25.25],[-1.125,4.303],[0,0],[-1,-24],[-2.035,6.716],[0,0],[-1.937,-10.262],[-1.398,-6.977],[-9.206,1.147],[0.313,9.641]],"o":[[0,0],[0,0],[-0.089,3.698],[4.75,-22],[0,0],[-0.481,4.421],[5.75,-22],[0,0],[0.161,3.853],[5,-16.5],[0,0],[1.803,9.55],[2.208,11.024],[6.695,-0.835],[-0.437,-13.448]],"v":[[93,-177.5],[80,-165],[63.115,-106.174],[73.865,-103.424],[95.25,-147],[81.721,-98.376],[92.971,-94.626],[114,-142.25],[109.913,-91.901],[120.163,-91.901],[130.25,-137.5],[131.523,-122.737],[134.259,-105.724],[144.477,-88.826],[147.301,-113.494]],"c":false}]},{"i":{"x":0.667,"y":1},"o":{"x":0.333,"y":0},"t":20,"s":[{"i":[[0,0],[0,0],[4,-30.25],[-1.581,5.391],[0,0],[3.75,-21.5],[-1.752,4.088],[0,0],[-1.23,-10.824],[-0.992,3.835],[0,0],[0.25,-16.5],[-4.043,1.198],[0,0],[10.25,0.75]],"o":[[0,0],[0,0],[-0.485,3.667],[5.5,-18.75],[0,0],[-0.764,4.381],[9.75,-22.75],[0,0],[0.435,3.831],[3.75,-14.5],[0,0],[-0.057,3.779],[6.139,-1.819],[0,0],[-6.559,-0.48]],"v":[[93,-177.5],[80,-165],[68.25,-98],[79,-95.25],[95.25,-147],[85.25,-94],[96.5,-90.25],[114,-142.25],[112.25,-113],[125.5,-111.75],[131,-140.5],[128.75,-110],[141,-106.25],[150.25,-115.25],[145,-123]],"c":false}]},{"i":{"x":0.667,"y":1},"o":{"x":0.333,"y":0},"t":22,"s":[{"i":[[0,0],[0,0],[-10.037,-29.471],[0.074,5.618],[0,0],[-3.808,-24.855],[0.196,9.206],[0,0],[-1.23,-10.824],[-0.992,3.835],[0,0],[0.25,-16.5],[-4.043,1.198],[0,0],[10.25,0.75]],"o":[[0,0],[0,0],[2.437,7.155],[-0.372,-28.17],[0,0],[0.673,4.396],[-0.519,-24.323],[0,0],[0.435,3.831],[3.75,-14.5],[0,0],[-0.057,3.779],[6.139,-1.819],[0,0],[-6.559,-0.48]],"v":[[88.5,-175],[78.25,-160],[79.639,-90.674],[89.369,-86.062],[92.75,-144.75],[94.096,-84.813],[105.716,-88.623],[113,-140.25],[113.5,-115.5],[126.75,-114.25],[128.25,-138],[128.75,-115.25],[141,-111.5],[150.25,-120.5],[144.75,-126.25]],"c":false}]},{"i":{"x":0.667,"y":1},"o":{"x":0.333,"y":0},"t":42.995,"s":[{"i":[[0,0],[0,0],[4,-30.25],[-1.581,5.391],[0,0],[3.75,-21.5],[-1.752,4.088],[0,0],[-1.23,-10.824],[-0.992,3.835],[0,0],[0.25,-16.5],[-4.043,1.198],[0,0],[10.25,0.75]],"o":[[0,0],[0,0],[-0.485,3.667],[5.5,-18.75],[0,0],[-0.764,4.381],[9.75,-22.75],[0,0],[0.435,3.831],[3.75,-14.5],[0,0],[-0.057,3.779],[6.139,-1.819],[0,0],[-6.559,-0.48]],"v":[[93,-177.5],[80,-165],[68.25,-98],[79,-95.25],[95.25,-147],[85.25,-94],[96.5,-90.25],[114,-142.25],[112.25,-113],[125.5,-111.75],[131,-140.5],[128.75,-110],[141,-106.25],[150.25,-115.25],[145,-123]],"c":false}]},{"i":{"x":0.667,"y":1},"o":{"x":0.333,"y":0},"t":47.109,"s":[{"i":[[0,0],[0,0],[7.75,-33.5],[-1.581,5.391],[0,0],[7.25,-24],[-2.047,3.948],[0,0],[-1.23,-10.824],[-0.992,3.835],[0,0],[0.25,-16.5],[-4.043,1.198],[0,0],[10.25,0.75]],"o":[[0,0],[0,0],[-0.834,3.604],[5.5,-18.75],[0,0],[-1.286,4.257],[10.5,-20.25],[0,0],[0.435,3.831],[3.75,-14.5],[0,0],[-0.057,3.779],[6.139,-1.819],[0,0],[-6.559,-0.48]],"v":[[88.5,-175],[78.25,-160],[61.75,-93.5],[74.5,-89.25],[92.75,-144.75],[79.25,-88.5],[92,-84.25],[113,-140.25],[113.5,-115.5],[126.75,-114.25],[128.25,-138],[128.75,-115.25],[141,-111.5],[150.25,-120.5],[144.75,-126.25]],"c":false}]},{"i":{"x":0.667,"y":1},"o":{"x":0.333,"y":0},"t":52.087,"s":[{"i":[[0,0],[0,0],[4,-30.25],[-1.581,5.391],[0,0],[3.75,-21.5],[-1.752,4.088],[0,0],[-1.23,-10.824],[-0.992,3.835],[0,0],[0.25,-16.5],[-4.043,1.198],[0,0],[10.25,0.75]],"o":[[0,0],[0,0],[-0.485,3.667],[5.5,-18.75],[0,0],[-0.764,4.381],[9.75,-22.75],[0,0],[0.435,3.831],[3.75,-14.5],[0,0],[-0.057,3.779],[6.139,-1.819],[0,0],[-6.559,-0.48]],"v":[[93,-177.5],[80,-165],[68.25,-98],[79,-95.25],[95.25,-147],[85.25,-94],[96.5,-90.25],[114,-142.25],[112.25,-113],[125.5,-111.75],[131,-140.5],[128.75,-110],[141,-106.25],[150.25,-115.25],[145,-123]],"c":false}]},{"i":{"x":0.667,"y":1},"o":{"x":0.333,"y":0},"t":57.065,"s":[{"i":[[0,0],[0,0],[7.75,-33.5],[-1.581,5.391],[0,0],[7.25,-24],[-2.047,3.948],[0,0],[-1.23,-10.824],[-0.992,3.835],[0,0],[0.25,-16.5],[-4.043,1.198],[0,0],[10.25,0.75]],"o":[[0,0],[0,0],[-0.834,3.604],[5.5,-18.75],[0,0],[-1.286,4.257],[10.5,-20.25],[0,0],[0.435,3.831],[3.75,-14.5],[0,0],[-0.057,3.779],[6.139,-1.819],[0,0],[-6.559,-0.48]],"v":[[88.5,-175],[78.25,-160],[61.75,-93.5],[74.5,-89.25],[92.75,-144.75],[79.25,-88.5],[92,-84.25],[113,-140.25],[113.5,-115.5],[126.75,-114.25],[128.25,-138],[128.75,-115.25],[141,-111.5],[150.25,-120.5],[144.75,-126.25]],"c":false}]},{"i":{"x":0.667,"y":1},"o":{"x":0.333,"y":0},"t":62.044,"s":[{"i":[[0,0],[0,0],[4,-30.25],[-1.581,5.391],[0,0],[3.75,-21.5],[-1.752,4.088],[0,0],[-1.23,-10.824],[-0.992,3.835],[0,0],[0.25,-16.5],[-4.043,1.198],[0,0],[10.25,0.75]],"o":[[0,0],[0,0],[-0.485,3.667],[5.5,-18.75],[0,0],[-0.764,4.381],[9.75,-22.75],[0,0],[0.435,3.831],[3.75,-14.5],[0,0],[-0.057,3.779],[6.139,-1.819],[0,0],[-6.559,-0.48]],"v":[[93,-177.5],[80,-165],[68.25,-98],[79,-95.25],[95.25,-147],[85.25,-94],[96.5,-90.25],[114,-142.25],[112.25,-113],[125.5,-111.75],[131,-140.5],[128.75,-110],[141,-106.25],[150.25,-115.25],[145,-123]],"c":false}]},{"i":{"x":0.667,"y":1},"o":{"x":0.333,"y":0},"t":67.022,"s":[{"i":[[0,0],[0,0],[7.75,-33.5],[-1.581,5.391],[0,0],[7.25,-24],[-2.047,3.948],[0,0],[-1.23,-10.824],[-0.992,3.835],[0,0],[0.25,-16.5],[-4.043,1.198],[0,0],[10.25,0.75]],"o":[[0,0],[0,0],[-0.834,3.604],[5.5,-18.75],[0,0],[-1.286,4.257],[10.5,-20.25],[0,0],[0.435,3.831],[3.75,-14.5],[0,0],[-0.057,3.779],[6.139,-1.819],[0,0],[-6.559,-0.48]],"v":[[88.5,-175],[78.25,-160],[61.75,-93.5],[74.5,-89.25],[92.75,-144.75],[79.25,-88.5],[92,-84.25],[113,-140.25],[113.5,-115.5],[126.75,-114.25],[128.25,-138],[128.75,-115.25],[141,-111.5],[150.25,-120.5],[144.75,-126.25]],"c":false}]},{"i":{"x":0.667,"y":1},"o":{"x":0.333,"y":0},"t":72,"s":[{"i":[[0,0],[0,0],[4,-30.25],[-1.581,5.391],[0,0],[3.75,-21.5],[-1.752,4.088],[0,0],[-1.23,-10.824],[-0.992,3.835],[0,0],[0.25,-16.5],[-4.043,1.198],[0,0],[10.25,0.75]],"o":[[0,0],[0,0],[-0.485,3.667],[5.5,-18.75],[0,0],[-0.764,4.381],[9.75,-22.75],[0,0],[0.435,3.831],[3.75,-14.5],[0,0],[-0.057,3.779],[6.139,-1.819],[0,0],[-6.559,-0.48]],"v":[[93,-177.5],[80,-165],[68.25,-98],[79,-95.25],[95.25,-147],[85.25,-94],[96.5,-90.25],[114,-142.25],[112.25,-113],[125.5,-111.75],[131,-140.5],[128.75,-110],[141,-106.25],[150.25,-115.25],[145,-123]],"c":false}]},{"t":80,"s":[{"i":[[0,0],[0,0],[0.75,-31],[-1.186,5.492],[0,0],[2.75,-25.25],[-1.125,4.303],[0,0],[-1,-24],[-2.035,6.716],[0,0],[2,-10.25],[0.263,-7.11],[-9.242,-0.804],[-3.703,11.109]],"o":[[0,0],[0,0],[-0.089,3.698],[4.75,-22],[0,0],[-0.481,4.421],[5.75,-22],[0,0],[0.161,3.853],[5,-16.5],[0,0],[-1.449,7.426],[-0.5,13.5],[5.75,0.5],[2,-6]],"v":[[93,-177.5],[80,-165],[68.75,-102.5],[79.5,-99.75],[95.25,-147],[85.75,-98.5],[97,-94.75],[114,-142.25],[107.25,-92.75],[117.5,-92.75],[130.25,-137.5],[128.25,-124.25],[126,-110],[131,-89.25],[141.25,-108.5]],"c":false}]}],"ix":2},"nm":"Path 1","mn":"ADBE Vector Shape - Group","hd":false},{"ty":"st","c":{"a":0,"k":[0.101960784314,0.101960784314,0.101960784314,1],"ix":3},"o":{"a":0,"k":100,"ix":4},"w":{"a":0,"k":7,"ix":5},"lc":1,"lj":1,"ml":4,"bm":0,"nm":"Stroke 1","mn":"ADBE Vector Graphic - Stroke","hd":false},{"ty":"fl","c":{"a":0,"k":[1,1,1,1],"ix":4},"o":{"a":0,"k":100,"ix":5},"r":1,"bm":0,"nm":"Fill 1","mn":"ADBE Vector Graphic - Fill","hd":false},{"ty":"tr","p":{"a":0,"k":[0,0],"ix":2},"a":{"a":0,"k":[0,0],"ix":1},"s":{"a":0,"k":[100,100],"ix":3},"r":{"a":0,"k":0,"ix":6},"o":{"a":0,"k":100,"ix":7},"sk":{"a":0,"k":0,"ix":4},"sa":{"a":0,"k":0,"ix":5},"nm":"Transform"}],"nm":"Shape 1","np":3,"cix":2,"bm":0,"ix":2,"mn":"ADBE Vector Group","hd":false},{"ty":"gr","it":[{"ind":0,"ty":"sh","ix":1,"ks":{"a":1,"k":[{"i":{"x":0.833,"y":1},"o":{"x":0.333,"y":0},"t":0,"s":[{"i":[[0,0],[0,0],[-13.887,-1.779],[-10.938,-3.295],[0,0],[-9,-4.5]],"o":[[0,0],[0,0],[9.362,1.199],[13.699,4.127],[0,0],[6.841,3.421]],"v":[[87.5,-161.5],[73.138,-129.949],[79.638,-121.699],[98.551,-135.377],[117.25,-126.75],[127.25,-116.25]],"c":false}]},{"i":{"x":0.667,"y":1},"o":{"x":0.333,"y":0},"t":17,"s":[{"i":[[0,0],[0,0],[-13.887,-1.779],[-10.938,-3.295],[0,0],[-9,-4.5]],"o":[[0,0],[0,0],[9.362,1.199],[13.699,4.127],[0,0],[6.841,3.421]],"v":[[87.5,-161.5],[73.138,-129.949],[79.638,-121.699],[98.551,-135.377],[117.25,-126.75],[127.25,-116.25]],"c":false}]},{"i":{"x":0.667,"y":1},"o":{"x":0.333,"y":0},"t":20,"s":[{"i":[[0,0],[0,0],[-8.009,-2.729],[-5.407,10.349],[0,0],[-14,5]],"o":[[0,0],[0,0],[13.252,4.516],[5.298,-10.142],[0,0],[14,-5]],"v":[[89.117,-164.624],[79.748,-131.786],[77.968,-98.391],[96.8,-114.777],[118.207,-122.489],[149,-118.5]],"c":false}]},{"i":{"x":0.667,"y":1},"o":{"x":0.333,"y":0},"t":22,"s":[{"i":[[0,0],[0,0],[-9.953,4.856],[-9.158,5.611],[0,0],[-14,5]],"o":[[0,0],[0,0],[12.582,-6.139],[11.706,-7.172],[0,0],[14,-5]],"v":[[89.5,-149],[76.281,-95.134],[85.535,-88.674],[112.254,-105.449],[127.771,-115.295],[149,-118.5]],"c":false}]},{"i":{"x":0.667,"y":1},"o":{"x":0.333,"y":0},"t":41,"s":[{"i":[[0,0],[0,0],[-8.009,-2.729],[-5.407,10.349],[0,0],[-14,5]],"o":[[0,0],[0,0],[13.252,4.516],[5.298,-10.142],[0,0],[14,-5]],"v":[[89.117,-164.624],[79.748,-131.786],[77.968,-98.391],[96.8,-114.777],[118.207,-122.489],[149,-118.5]],"c":false}]},{"i":{"x":0.833,"y":1},"o":{"x":0.333,"y":0},"t":47.109,"s":[{"i":[[0,0],[0,0],[-14,0],[-11.424,0],[0,0],[-14,5]],"o":[[0,0],[0,0],[14,0],[15.5,0],[0,0],[14,-5]],"v":[[89.5,-149],[66.352,-118.616],[76.352,-106.616],[105.256,-116.533],[118,-120.5],[149,-118.5]],"c":false}]},{"i":{"x":0.667,"y":1},"o":{"x":0.333,"y":0},"t":52.087,"s":[{"i":[[0,0],[0,0],[-14,0],[-11.424,0],[0,0],[-14,5]],"o":[[0,0],[0,0],[14,0],[15.5,0],[0,0],[14,-5]],"v":[[89.5,-149],[52.5,-111.5],[62.5,-99.5],[94.5,-112],[118,-120.5],[149,-118.5]],"c":false}]},{"i":{"x":0.833,"y":1},"o":{"x":0.333,"y":0},"t":57.065,"s":[{"i":[[0,0],[0,0],[-14,0],[-11.424,0],[0,0],[-14,5]],"o":[[0,0],[0,0],[14,0],[15.5,0],[0,0],[14,-5]],"v":[[89.5,-149],[66.352,-118.616],[76.352,-106.616],[105.256,-116.533],[118,-120.5],[149,-118.5]],"c":false}]},{"i":{"x":0.667,"y":1},"o":{"x":0.333,"y":0},"t":62.044,"s":[{"i":[[0,0],[0,0],[-14,0],[-11.424,0],[0,0],[-14,5]],"o":[[0,0],[0,0],[14,0],[15.5,0],[0,0],[14,-5]],"v":[[89.5,-149],[52.5,-111.5],[62.5,-99.5],[94.5,-112],[118,-120.5],[149,-118.5]],"c":false}]},{"i":{"x":0.667,"y":1},"o":{"x":0.333,"y":0},"t":67.022,"s":[{"i":[[0,0],[0,0],[-14,0],[-11.424,0],[0,0],[-14,5]],"o":[[0,0],[0,0],[14,0],[15.5,0],[0,0],[14,-5]],"v":[[89.5,-149],[66.352,-118.616],[76.352,-106.616],[105.256,-116.533],[118,-120.5],[149,-118.5]],"c":false}]},{"i":{"x":0.833,"y":0.793},"o":{"x":0.333,"y":0},"t":72,"s":[{"i":[[0,0],[0,0],[-14,0],[-11.424,0],[0,0],[-14,5]],"o":[[0,0],[0,0],[14,0],[15.5,0],[0,0],[14,-5]],"v":[[89.5,-149],[52.5,-111.5],[62.5,-99.5],[94.5,-112],[118,-120.5],[149,-118.5]],"c":false}]},{"t":80,"s":[{"i":[[0,0],[0,0],[-13.887,-1.779],[-10.938,-3.295],[0,0],[-9,-4.5]],"o":[[0,0],[0,0],[9.362,1.199],[13.699,4.127],[0,0],[6.841,3.421]],"v":[[87.5,-161.5],[73.138,-129.949],[79.638,-121.699],[98.551,-135.377],[117.25,-126.75],[127.25,-116.25]],"c":false}]}],"ix":2},"nm":"Path 1","mn":"ADBE Vector Shape - Group","hd":false},{"ty":"st","c":{"a":0,"k":[0.101960784314,0.101960784314,0.101960784314,1],"ix":3},"o":{"a":0,"k":100,"ix":4},"w":{"a":0,"k":7,"ix":5},"lc":1,"lj":1,"ml":4,"bm":0,"nm":"Stroke 1","mn":"ADBE Vector Graphic - Stroke","hd":false},{"ty":"fl","c":{"a":0,"k":[1,1,1,1],"ix":4},"o":{"a":0,"k":100,"ix":5},"r":1,"bm":0,"nm":"Fill 1","mn":"ADBE Vector Graphic - Fill","hd":false},{"ty":"tr","p":{"a":1,"k":[{"i":{"x":0.833,"y":0.833},"o":{"x":0.333,"y":0.333},"t":21.453,"s":[108,-134],"to":[0,0],"ti":[0,0]},{"i":{"x":0.667,"y":1},"o":{"x":0.333,"y":0},"t":42.498,"s":[108,-134],"to":[0,0],"ti":[0,0]},{"i":{"x":0.833,"y":1},"o":{"x":0.333,"y":0},"t":46.611,"s":[108,-124],"to":[0,0],"ti":[0,0]},{"i":{"x":0.667,"y":1},"o":{"x":0.333,"y":0},"t":51.59,"s":[108,-134],"to":[0,0],"ti":[0,0]},{"i":{"x":0.833,"y":1},"o":{"x":0.333,"y":0},"t":56.567,"s":[108,-124],"to":[0,0],"ti":[0,0]},{"i":{"x":0.667,"y":1},"o":{"x":0.333,"y":0},"t":61.546,"s":[108,-134],"to":[0,0],"ti":[0,0]},{"i":{"x":0.667,"y":1},"o":{"x":0.333,"y":0},"t":66.524,"s":[108,-124],"to":[0,0],"ti":[0,0]},{"i":{"x":0.667,"y":0.667},"o":{"x":0.333,"y":0.333},"t":71.502,"s":[108,-134],"to":[0,0],"ti":[0,0]},{"t":79.8037109375,"s":[108,-134]}],"ix":2},"a":{"a":0,"k":[108,-134],"ix":1},"s":{"a":0,"k":[100,100],"ix":3},"r":{"a":1,"k":[{"i":{"x":[0.833],"y":[1]},"o":{"x":[0.333],"y":[0]},"t":20.905,"s":[0]},{"i":{"x":[0.667],"y":[1]},"o":{"x":[0.333],"y":[0]},"t":42,"s":[0]},{"i":{"x":[0.833],"y":[1]},"o":{"x":[0.333],"y":[0]},"t":46.113,"s":[-21]},{"i":{"x":[0.667],"y":[1]},"o":{"x":[0.333],"y":[0]},"t":51.092,"s":[0]},{"i":{"x":[0.833],"y":[1]},"o":{"x":[0.333],"y":[0]},"t":56.069,"s":[-21]},{"i":{"x":[0.667],"y":[1]},"o":{"x":[0.333],"y":[0]},"t":61.048,"s":[0]},{"i":{"x":[0.667],"y":[1]},"o":{"x":[0.333],"y":[0]},"t":66.026,"s":[-21]},{"i":{"x":[0.667],"y":[1]},"o":{"x":[0.333],"y":[0]},"t":71.005,"s":[0]},{"t":80,"s":[0]}],"ix":6},"o":{"a":0,"k":100,"ix":7},"sk":{"a":0,"k":0,"ix":4},"sa":{"a":0,"k":0,"ix":5},"nm":"Transform"}],"nm":"Shape 2","np":3,"cix":2,"bm":0,"ix":3,"mn":"ADBE Vector Group","hd":false},{"ty":"gr","it":[{"ind":0,"ty":"sh","ix":1,"ks":{"a":0,"k":{"i":[[0,0],[8.451,-21.934],[-25.188,-3.288],[3.6,12.341]],"o":[[0,0],[-8.451,21.934],[25.188,3.288],[-3.6,-12.341]],"v":[[99.325,-176.936],[86.259,-157.282],[124.816,-115.595],[152.061,-162.966]],"c":true},"ix":2},"nm":"Path 1","mn":"ADBE Vector Shape - Group","hd":false},{"ty":"st","c":{"a":0,"k":[0.101960784314,0.101960784314,0.101960784314,1],"ix":3},"o":{"a":0,"k":100,"ix":4},"w":{"a":0,"k":0,"ix":5},"lc":1,"lj":1,"ml":4,"bm":0,"nm":"Stroke 1","mn":"ADBE Vector Graphic - Stroke","hd":false},{"ty":"fl","c":{"a":0,"k":[1,1,1,1],"ix":4},"o":{"a":0,"k":100,"ix":5},"r":1,"bm":0,"nm":"Fill 1","mn":"ADBE Vector Graphic - Fill","hd":false},{"ty":"tr","p":{"a":0,"k":[0,0],"ix":2},"a":{"a":0,"k":[0,0],"ix":1},"s":{"a":0,"k":[100,100],"ix":3},"r":{"a":0,"k":0,"ix":6},"o":{"a":0,"k":100,"ix":7},"sk":{"a":0,"k":0,"ix":4},"sa":{"a":0,"k":0,"ix":5},"nm":"Transform"}],"nm":"Shape 4","np":3,"cix":2,"bm":0,"ix":4,"mn":"ADBE Vector Group","hd":false}],"ip":0,"op":480,"st":0,"bm":0},{"ddd":0,"ind":9,"ty":4,"nm":"powder","sr":1,"ks":{"o":{"a":0,"k":100,"ix":11},"r":{"a":0,"k":0,"ix":10},"p":{"a":0,"k":[426,346,0],"ix":2},"a":{"a":0,"k":[50,-26,0],"ix":1},"s":{"a":0,"k":[100,100,100],"ix":6}},"ao":0,"shapes":[{"ty":"gr","it":[{"ind":0,"ty":"sh","ix":1,"ks":{"a":0,"k":{"i":[[0,0],[4.283,-42.833],[-6.32,-21.006],[0,0]],"o":[[0,0],[-3,30],[6.32,21.006],[0,0]],"v":[[64,-105],[58,-71],[49.68,-17.006],[64,71]],"c":false},"ix":2},"nm":"Path 1","mn":"ADBE Vector Shape - Group","hd":false},{"ty":"st","c":{"a":0,"k":[0.101960784314,0.101960784314,0.101960784314,1],"ix":3},"o":{"a":0,"k":100,"ix":4},"w":{"a":0,"k":7,"ix":5},"lc":2,"lj":1,"ml":4,"bm":0,"d":[{"n":"d","nm":"dash","v":{"a":0,"k":10,"ix":1}},{"n":"g","nm":"gap","v":{"a":0,"k":60,"ix":2}},{"n":"o","nm":"offset","v":{"a":0,"k":0,"ix":7}}],"nm":"Stroke 1","mn":"ADBE Vector Graphic - Stroke","hd":false},{"ty":"tr","p":{"a":0,"k":[0,0],"ix":2},"a":{"a":0,"k":[0,0],"ix":1},"s":{"a":0,"k":[100,100],"ix":3},"r":{"a":0,"k":0,"ix":6},"o":{"a":0,"k":100,"ix":7},"sk":{"a":0,"k":0,"ix":4},"sa":{"a":0,"k":0,"ix":5},"nm":"Transform"}],"nm":"Shape 2","np":3,"cix":2,"bm":0,"ix":1,"mn":"ADBE Vector Group","hd":false},{"ty":"gr","it":[{"ind":0,"ty":"sh","ix":1,"ks":{"a":0,"k":{"i":[[0,0],[-17.427,-46.058],[0,0]],"o":[[0,0],[14,37],[0,0]],"v":[[38,-105],[40,-38],[49,60]],"c":false},"ix":2},"nm":"Path 1","mn":"ADBE Vector Shape - Group","hd":false},{"ty":"st","c":{"a":0,"k":[0.101960784314,0.101960784314,0.101960784314,1],"ix":3},"o":{"a":0,"k":100,"ix":4},"w":{"a":0,"k":7,"ix":5},"lc":2,"lj":1,"ml":4,"bm":0,"d":[{"n":"d","nm":"dash","v":{"a":0,"k":10,"ix":1}},{"n":"g","nm":"gap","v":{"a":0,"k":60,"ix":2}},{"n":"o","nm":"offset","v":{"a":0,"k":103,"ix":7}}],"nm":"Stroke 1","mn":"ADBE Vector Graphic - Stroke","hd":false},{"ty":"tr","p":{"a":0,"k":[0,0],"ix":2},"a":{"a":0,"k":[0,0],"ix":1},"s":{"a":0,"k":[100,100],"ix":3},"r":{"a":0,"k":0,"ix":6},"o":{"a":0,"k":100,"ix":7},"sk":{"a":0,"k":0,"ix":4},"sa":{"a":0,"k":0,"ix":5},"nm":"Transform"}],"nm":"Shape 1","np":3,"cix":2,"bm":0,"ix":2,"mn":"ADBE Vector Group","hd":false},{"ty":"tm","s":{"a":1,"k":[{"i":{"x":[0.833],"y":[0.833]},"o":{"x":[0.167],"y":[0.167]},"t":31,"s":[0]},{"t":73,"s":[100]}],"ix":1},"e":{"a":1,"k":[{"i":{"x":[0.833],"y":[0.833]},"o":{"x":[0.167],"y":[0.167]},"t":49,"s":[0]},{"t":73,"s":[100]}],"ix":2},"o":{"a":1,"k":[{"i":{"x":[0.833],"y":[0.833]},"o":{"x":[0.167],"y":[0.167]},"t":31,"s":[0]},{"t":73,"s":[604]}],"ix":3},"m":1,"ix":3,"nm":"Trim Paths 1","mn":"ADBE Vector Filter - Trim","hd":false}],"ip":35,"op":476,"st":-4,"bm":0},{"ddd":0,"ind":10,"ty":4,"nm":"powder","sr":1,"ks":{"o":{"a":0,"k":100,"ix":11},"r":{"a":0,"k":0,"ix":10},"p":{"a":0,"k":[366,372,0],"ix":2},"a":{"a":0,"k":[0,0,0],"ix":1},"s":{"a":0,"k":[100,100,100],"ix":6}},"ao":0,"shapes":[{"ty":"gr","it":[{"ind":0,"ty":"sh","ix":1,"ks":{"a":0,"k":{"i":[[0,0],[23.878,-35.817],[0,0]],"o":[[0,0],[-32,48],[0,0]],"v":[[63.5,-108.5],[50,-75],[64,71]],"c":false},"ix":2},"nm":"Path 1","mn":"ADBE Vector Shape - Group","hd":false},{"ty":"st","c":{"a":0,"k":[0.101960784314,0.101960784314,0.101960784314,1],"ix":3},"o":{"a":0,"k":100,"ix":4},"w":{"a":0,"k":7,"ix":5},"lc":2,"lj":1,"ml":4,"bm":0,"d":[{"n":"d","nm":"dash","v":{"a":0,"k":10,"ix":1}},{"n":"g","nm":"gap","v":{"a":0,"k":60,"ix":2}},{"n":"o","nm":"offset","v":{"a":0,"k":0,"ix":7}}],"nm":"Stroke 1","mn":"ADBE Vector Graphic - Stroke","hd":false},{"ty":"tr","p":{"a":0,"k":[0,0],"ix":2},"a":{"a":0,"k":[0,0],"ix":1},"s":{"a":0,"k":[100,100],"ix":3},"r":{"a":0,"k":0,"ix":6},"o":{"a":0,"k":100,"ix":7},"sk":{"a":0,"k":0,"ix":4},"sa":{"a":0,"k":0,"ix":5},"nm":"Transform"}],"nm":"Shape 2","np":3,"cix":2,"bm":0,"ix":1,"mn":"ADBE Vector Group","hd":false},{"ty":"gr","it":[{"ind":0,"ty":"sh","ix":1,"ks":{"a":0,"k":{"i":[[0,0],[-17.427,-46.058],[0,0]],"o":[[0,0],[14,37],[0,0]],"v":[[48.5,-96],[56,-56],[49,60]],"c":false},"ix":2},"nm":"Path 1","mn":"ADBE Vector Shape - Group","hd":false},{"ty":"st","c":{"a":0,"k":[0.101960784314,0.101960784314,0.101960784314,1],"ix":3},"o":{"a":0,"k":100,"ix":4},"w":{"a":0,"k":7,"ix":5},"lc":2,"lj":1,"ml":4,"bm":0,"d":[{"n":"d","nm":"dash","v":{"a":0,"k":10,"ix":1}},{"n":"g","nm":"gap","v":{"a":0,"k":60,"ix":2}},{"n":"o","nm":"offset","v":{"a":0,"k":103,"ix":7}}],"nm":"Stroke 1","mn":"ADBE Vector Graphic - Stroke","hd":false},{"ty":"tr","p":{"a":0,"k":[0,0],"ix":2},"a":{"a":0,"k":[0,0],"ix":1},"s":{"a":0,"k":[100,100],"ix":3},"r":{"a":0,"k":0,"ix":6},"o":{"a":0,"k":100,"ix":7},"sk":{"a":0,"k":0,"ix":4},"sa":{"a":0,"k":0,"ix":5},"nm":"Transform"}],"nm":"Shape 1","np":3,"cix":2,"bm":0,"ix":2,"mn":"ADBE Vector Group","hd":false},{"ty":"tm","s":{"a":1,"k":[{"i":{"x":[0.833],"y":[0.833]},"o":{"x":[0.167],"y":[0.167]},"t":39,"s":[0]},{"t":81,"s":[100]}],"ix":1},"e":{"a":1,"k":[{"i":{"x":[0.833],"y":[0.833]},"o":{"x":[0.167],"y":[0.167]},"t":57,"s":[0]},{"t":81,"s":[100]}],"ix":2},"o":{"a":1,"k":[{"i":{"x":[0.833],"y":[0.833]},"o":{"x":[0.167],"y":[0.167]},"t":39,"s":[0]},{"t":81,"s":[604]}],"ix":3},"m":1,"ix":3,"nm":"Trim Paths 1","mn":"ADBE Vector Filter - Trim","hd":false}],"ip":35,"op":484,"st":4,"bm":0},{"ddd":0,"ind":11,"ty":4,"nm":"stirring pot","sr":1,"ks":{"o":{"a":0,"k":100,"ix":11},"r":{"a":1,"k":[{"i":{"x":[0.383],"y":[0.758]},"o":{"x":[0.521],"y":[0]},"t":0,"s":[-17.915]},{"i":{"x":[0.474],"y":[1]},"o":{"x":[0.672],"y":[-0.735]},"t":12,"s":[40]},{"i":{"x":[0.474],"y":[1]},"o":{"x":[0.672],"y":[0]},"t":32.119,"s":[3]},{"i":{"x":[0.571],"y":[1]},"o":{"x":[0.47],"y":[0]},"t":47.64,"s":[40]},{"i":{"x":[0.334],"y":[1]},"o":{"x":[0.449],"y":[0]},"t":66,"s":[3]},{"t":80,"s":[-17.915]}],"ix":10},"p":{"a":1,"k":[{"i":{"x":0.461,"y":0.92},"o":{"x":0.501,"y":0},"t":0,"s":[170,224,0],"to":[0,0,0],"ti":[0,0,0]},{"i":{"x":0.728,"y":0.665},"o":{"x":0.618,"y":0.079},"t":21.24,"s":[367,248,0],"to":[0,0,0],"ti":[31.764,10.735,0]},{"i":{"x":0.36,"y":0.856},"o":{"x":0.198,"y":0.313},"t":32.119,"s":[259.764,244.235,0],"to":[-31.764,-10.735,0],"ti":[0,0,0]},{"i":{"x":0.461,"y":0.902},"o":{"x":0.578,"y":0.107},"t":39,"s":[215,217,0],"to":[0,0,0],"ti":[0,0,0]},{"i":{"x":0.728,"y":0.652},"o":{"x":0.499,"y":0.092},"t":55,"s":[364,248,0],"to":[0,0,0],"ti":[31.764,10.735,0]},{"i":{"x":0.334,"y":1},"o":{"x":0.198,"y":0.367},"t":66,"s":[259.764,244.235,0],"to":[-31.764,-10.735,0],"ti":[0,0,0]},{"t":80,"s":[170,224,0]}],"ix":2},"a":{"a":0,"k":[-169,-168,0],"ix":1},"s":{"a":1,"k":[{"i":{"x":[0.767,0.767,0.833],"y":[1,1,1]},"o":{"x":[0.587,0.587,0.333],"y":[0.823,0.823,0]},"t":0,"s":[100,100,100]},{"i":{"x":[0.274,0.274,0.667],"y":[0.838,0.838,1]},"o":{"x":[0.167,0.167,0.167],"y":[0,0,0]},"t":21.24,"s":[98,98,100]},{"i":{"x":[0.835,0.835,0.833],"y":[1,1,1]},"o":{"x":[0.655,0.655,0.333],"y":[0.22,0.22,0]},"t":25.24,"s":[100,100,100]},{"i":{"x":[0.277,0.277,0.667],"y":[0.545,0.545,1]},"o":{"x":[0.167,0.167,0.167],"y":[0,0,0]},"t":32.119,"s":[102,102,100]},{"i":{"x":[0.767,0.767,0.833],"y":[1,1,1]},"o":{"x":[0.582,0.582,0.333],"y":[0.482,0.482,0]},"t":39,"s":[100,100,100]},{"i":{"x":[0.667,0.667,0.667],"y":[1,1,1]},"o":{"x":[0.167,0.167,0.167],"y":[0,0,0]},"t":47.64,"s":[98,98,100]},{"i":{"x":[0.835,0.835,0.833],"y":[1,1,1]},"o":{"x":[0.655,0.655,0.333],"y":[0.338,0.338,0]},"t":55,"s":[100,100,100]},{"i":{"x":[0.833,0.833,0.833],"y":[1,1,1]},"o":{"x":[0.167,0.167,0.167],"y":[0,0,0]},"t":66,"s":[102,102,100]},{"t":80,"s":[100,100,100]}],"ix":6}},"ao":0,"shapes":[{"ty":"gr","it":[{"ind":0,"ty":"sh","ix":1,"ks":{"a":0,"k":{"i":[[0,0],[0,0]],"o":[[0,0],[0,0]],"v":[[-36.206,-50.119],[-70.047,-78.846]],"c":false},"ix":2},"nm":"Path 1","mn":"ADBE Vector Shape - Group","hd":false},{"ty":"st","c":{"a":0,"k":[1,0.364705882353,0.141176470588,1],"ix":3},"o":{"a":0,"k":100,"ix":4},"w":{"a":0,"k":11,"ix":5},"lc":2,"lj":1,"ml":4,"bm":0,"nm":"Stroke 1","mn":"ADBE Vector Graphic - Stroke","hd":false},{"ty":"tr","p":{"a":0,"k":[0,0],"ix":2},"a":{"a":0,"k":[0,0],"ix":1},"s":{"a":0,"k":[100,100],"ix":3},"r":{"a":0,"k":0,"ix":6},"o":{"a":0,"k":100,"ix":7},"sk":{"a":0,"k":0,"ix":4},"sa":{"a":0,"k":0,"ix":5},"nm":"Transform"}],"nm":"Shape 6","np":3,"cix":2,"bm":0,"ix":1,"mn":"ADBE Vector Group","hd":false},{"ty":"gr","it":[{"d":1,"ty":"el","s":{"a":1,"k":[{"i":{"x":[0.667,0.667],"y":[1,1]},"o":{"x":[0.333,0.333],"y":[0,0]},"t":0,"s":[56.604,79.737]},{"i":{"x":[0.667,0.667],"y":[1,1]},"o":{"x":[0.333,0.333],"y":[0,0]},"t":13,"s":[30.604,79.737]},{"i":{"x":[0.667,0.667],"y":[1,1]},"o":{"x":[0.333,0.333],"y":[0,0]},"t":67,"s":[30.604,79.737]},{"t":80,"s":[56.604,79.737]}],"ix":2},"p":{"a":0,"k":[0,0],"ix":3},"nm":"Ellipse Path 1","mn":"ADBE Vector Shape - Ellipse","hd":false},{"ty":"st","c":{"a":0,"k":[0.101960784314,0.101960784314,0.101960784314,1],"ix":3},"o":{"a":0,"k":100,"ix":4},"w":{"a":0,"k":0,"ix":5},"lc":1,"lj":1,"ml":4,"bm":0,"nm":"Stroke 1","mn":"ADBE Vector Graphic - Stroke","hd":false},{"ty":"fl","c":{"a":0,"k":[1,0.364705882353,0.141176470588,1],"ix":4},"o":{"a":0,"k":100,"ix":5},"r":1,"bm":0,"nm":"Fill 1","mn":"ADBE Vector Graphic - Fill","hd":false},{"ty":"tr","p":{"a":0,"k":[-20.601,-37],"ix":2},"a":{"a":0,"k":[0,0],"ix":1},"s":{"a":0,"k":[100,100],"ix":3},"r":{"a":0,"k":-48.047,"ix":6},"o":{"a":0,"k":100,"ix":7},"sk":{"a":0,"k":0,"ix":4},"sa":{"a":0,"k":0,"ix":5},"nm":"Transform"}],"nm":"Ellipse 1","np":3,"cix":2,"bm":0,"ix":2,"mn":"ADBE Vector Group","hd":false},{"ty":"gr","it":[{"ind":0,"ty":"sh","ix":1,"ks":{"a":1,"k":[{"i":{"x":0.667,"y":1},"o":{"x":0.333,"y":0},"t":0,"s":[{"i":[[0,0],[0.015,-13.458],[0,0]],"o":[[0,0],[-0.014,12.377],[0,0]],"v":[[-161.551,-170.743],[-163.986,-148.856],[-153.86,-141.059]],"c":false}]},{"i":{"x":0.667,"y":1},"o":{"x":0.333,"y":0},"t":25.24,"s":[{"i":[[0,0],[-7,-3.5],[0,0]],"o":[[0,0],[7,3.5],[0,0]],"v":[[-172.44,-135.68],[-153.375,-126.089],[-142.375,-126.089]],"c":false}]},{"i":{"x":0.667,"y":1},"o":{"x":0.333,"y":0},"t":39,"s":[{"i":[[0,0],[0.015,-13.458],[0,0]],"o":[[0,0],[-0.014,12.377],[0,0]],"v":[[-161.551,-170.743],[-163.986,-148.856],[-153.86,-141.059]],"c":false}]},{"i":{"x":0.667,"y":1},"o":{"x":0.333,"y":0},"t":55,"s":[{"i":[[0,0],[-7,-3.5],[0,0]],"o":[[0,0],[7,3.5],[0,0]],"v":[[-172.44,-135.68],[-153.375,-126.089],[-142.375,-126.089]],"c":false}]},{"t":80,"s":[{"i":[[0,0],[0.015,-13.458],[0,0]],"o":[[0,0],[-0.014,12.377],[0,0]],"v":[[-161.551,-170.743],[-163.986,-148.856],[-153.86,-141.059]],"c":false}]}],"ix":2},"nm":"Path 1","mn":"ADBE Vector Shape - Group","hd":false},{"ty":"st","c":{"a":0,"k":[0.101960784314,0.101960784314,0.101960784314,1],"ix":3},"o":{"a":0,"k":100,"ix":4},"w":{"a":0,"k":7,"ix":5},"lc":2,"lj":2,"bm":0,"nm":"Stroke 1","mn":"ADBE Vector Graphic - Stroke","hd":false},{"ty":"tr","p":{"a":0,"k":[0,0],"ix":2},"a":{"a":0,"k":[0,0],"ix":1},"s":{"a":0,"k":[100,100],"ix":3},"r":{"a":0,"k":0,"ix":6},"o":{"a":0,"k":100,"ix":7},"sk":{"a":0,"k":0,"ix":4},"sa":{"a":0,"k":0,"ix":5},"nm":"Transform"}],"nm":"Shape 5","np":3,"cix":2,"bm":0,"ix":3,"mn":"ADBE Vector Group","hd":false},{"ty":"gr","it":[{"ind":0,"ty":"sh","ix":1,"ks":{"a":1,"k":[{"i":{"x":0.667,"y":1},"o":{"x":0.333,"y":0},"t":0,"s":[{"i":[[0,0],[0.262,-10.271],[0,0]],"o":[[0,0],[-0.193,7.57],[0,0]],"v":[[-177.731,-177.188],[-181.205,-150.154],[-164.997,-144.792]],"c":false}]},{"i":{"x":0.667,"y":1},"o":{"x":0.333,"y":0},"t":25.24,"s":[{"i":[[0,0],[-7.5,-4],[0,0]],"o":[[0,0],[7.5,4],[0,0]],"v":[[-187.664,-136.478],[-169.649,-126.432],[-159.73,-127.395]],"c":false}]},{"i":{"x":0.667,"y":1},"o":{"x":0.333,"y":0},"t":39,"s":[{"i":[[0,0],[0.262,-10.271],[0,0]],"o":[[0,0],[-0.193,7.57],[0,0]],"v":[[-177.731,-177.188],[-181.205,-150.154],[-164.997,-144.792]],"c":false}]},{"i":{"x":0.667,"y":1},"o":{"x":0.333,"y":0},"t":55,"s":[{"i":[[0,0],[-7.5,-4],[0,0]],"o":[[0,0],[7.5,4],[0,0]],"v":[[-187.664,-136.478],[-169.649,-126.432],[-159.73,-127.395]],"c":false}]},{"t":80,"s":[{"i":[[0,0],[0.262,-10.271],[0,0]],"o":[[0,0],[-0.193,7.57],[0,0]],"v":[[-177.731,-177.188],[-181.205,-150.154],[-164.997,-144.792]],"c":false}]}],"ix":2},"nm":"Path 1","mn":"ADBE Vector Shape - Group","hd":false},{"ty":"st","c":{"a":0,"k":[0.101960784314,0.101960784314,0.101960784314,1],"ix":3},"o":{"a":0,"k":100,"ix":4},"w":{"a":0,"k":7,"ix":5},"lc":1,"lj":1,"ml":4,"bm":0,"nm":"Stroke 1","mn":"ADBE Vector Graphic - Stroke","hd":false},{"ty":"tr","p":{"a":0,"k":[0,0],"ix":2},"a":{"a":0,"k":[0,0],"ix":1},"s":{"a":0,"k":[100,100],"ix":3},"r":{"a":0,"k":0,"ix":6},"o":{"a":0,"k":100,"ix":7},"sk":{"a":0,"k":0,"ix":4},"sa":{"a":0,"k":0,"ix":5},"nm":"Transform"}],"nm":"Shape 4","np":3,"cix":2,"bm":0,"ix":4,"mn":"ADBE Vector Group","hd":false},{"ty":"gr","it":[{"ind":0,"ty":"sh","ix":1,"ks":{"a":1,"k":[{"i":{"x":0.667,"y":1},"o":{"x":0.333,"y":0},"t":0,"s":[{"i":[[0,0],[1.119,-9.563],[0,0]],"o":[[0,0],[-1.221,10.44],[0,0]],"v":[[-195.14,-184.422],[-197.145,-156.954],[-182.778,-147.697]],"c":false}]},{"i":{"x":0.667,"y":1},"o":{"x":0.333,"y":0},"t":25.24,"s":[{"i":[[0,0],[-8.5,-4.5],[0,0]],"o":[[0,0],[4.352,2.304],[0,0]],"v":[[-197.799,-144.646],[-180.422,-130.443],[-172.636,-126.665]],"c":false}]},{"i":{"x":0.667,"y":1},"o":{"x":0.333,"y":0},"t":39,"s":[{"i":[[0,0],[1.119,-9.563],[0,0]],"o":[[0,0],[-1.221,10.44],[0,0]],"v":[[-195.14,-184.422],[-197.145,-156.954],[-182.778,-147.697]],"c":false}]},{"i":{"x":0.667,"y":1},"o":{"x":0.333,"y":0},"t":55,"s":[{"i":[[0,0],[-8.5,-4.5],[0,0]],"o":[[0,0],[4.352,2.304],[0,0]],"v":[[-197.799,-144.646],[-180.422,-130.443],[-172.636,-126.665]],"c":false}]},{"t":80,"s":[{"i":[[0,0],[1.119,-9.563],[0,0]],"o":[[0,0],[-1.221,10.44],[0,0]],"v":[[-195.14,-184.422],[-197.145,-156.954],[-182.778,-147.697]],"c":false}]}],"ix":2},"nm":"Path 1","mn":"ADBE Vector Shape - Group","hd":false},{"ty":"st","c":{"a":0,"k":[0.101960784314,0.101960784314,0.101960784314,1],"ix":3},"o":{"a":0,"k":100,"ix":4},"w":{"a":0,"k":7,"ix":5},"lc":1,"lj":1,"ml":4,"bm":0,"nm":"Stroke 1","mn":"ADBE Vector Graphic - Stroke","hd":false},{"ty":"tr","p":{"a":0,"k":[0,0],"ix":2},"a":{"a":0,"k":[0,0],"ix":1},"s":{"a":0,"k":[100,100],"ix":3},"r":{"a":0,"k":0,"ix":6},"o":{"a":0,"k":100,"ix":7},"sk":{"a":0,"k":0,"ix":4},"sa":{"a":0,"k":0,"ix":5},"nm":"Transform"}],"nm":"Shape 3","np":3,"cix":2,"bm":0,"ix":5,"mn":"ADBE Vector Group","hd":false},{"ty":"gr","it":[{"ind":0,"ty":"sh","ix":1,"ks":{"a":1,"k":[{"i":{"x":0.667,"y":1},"o":{"x":0.333,"y":0},"t":0,"s":[{"i":[[0,0],[0,0],[-1.415,-5.489],[0,0]],"o":[[0,0],[0,0],[1.851,7.181],[0,0]],"v":[[-212.319,-204.565],[-215.205,-170.685],[-214.401,-163.511],[-200.61,-156.253]],"c":false}]},{"i":{"x":0.667,"y":1},"o":{"x":0.333,"y":0},"t":25.24,"s":[{"i":[[0,0],[0,0],[-5.267,-5.546],[-5.692,-0.61]],"o":[[0,0],[0,0],[5.589,5.886],[0,0]],"v":[[-215.06,-203.929],[-215.345,-170.937],[-207.133,-150.278],[-191.487,-139.205]],"c":false}]},{"i":{"x":0.667,"y":1},"o":{"x":0.333,"y":0},"t":39,"s":[{"i":[[0,0],[0,0],[-1.415,-5.489],[0,0]],"o":[[0,0],[0,0],[1.851,7.181],[0,0]],"v":[[-212.319,-204.565],[-215.205,-170.685],[-214.401,-163.511],[-200.61,-156.253]],"c":false}]},{"i":{"x":0.667,"y":1},"o":{"x":0.333,"y":0},"t":55,"s":[{"i":[[0,0],[0,0],[-5.267,-5.546],[-5.692,-0.61]],"o":[[0,0],[0,0],[5.589,5.886],[0,0]],"v":[[-215.06,-203.929],[-215.345,-170.937],[-207.133,-150.278],[-191.487,-139.205]],"c":false}]},{"t":80,"s":[{"i":[[0,0],[0,0],[-1.415,-5.489],[0,0]],"o":[[0,0],[0,0],[1.851,7.181],[0,0]],"v":[[-212.319,-204.565],[-215.205,-170.685],[-214.401,-163.511],[-200.61,-156.253]],"c":false}]}],"ix":2},"nm":"Path 1","mn":"ADBE Vector Shape - Group","hd":false},{"ty":"st","c":{"a":0,"k":[0.101960784314,0.101960784314,0.101960784314,1],"ix":3},"o":{"a":0,"k":100,"ix":4},"w":{"a":0,"k":7,"ix":5},"lc":1,"lj":1,"ml":4,"bm":0,"nm":"Stroke 1","mn":"ADBE Vector Graphic - Stroke","hd":false},{"ty":"tr","p":{"a":0,"k":[0,0],"ix":2},"a":{"a":0,"k":[0,0],"ix":1},"s":{"a":0,"k":[100,100],"ix":3},"r":{"a":0,"k":0,"ix":6},"o":{"a":0,"k":100,"ix":7},"sk":{"a":0,"k":0,"ix":4},"sa":{"a":0,"k":0,"ix":5},"nm":"Transform"}],"nm":"Shape 2","np":3,"cix":2,"bm":0,"ix":6,"mn":"ADBE Vector Group","hd":false},{"ty":"gr","it":[{"ind":0,"ty":"sh","ix":1,"ks":{"a":1,"k":[{"i":{"x":0.667,"y":1},"o":{"x":0.333,"y":0},"t":0,"s":[{"i":[[0,0],[0,0],[-0.201,-11.326],[7.455,-3.069],[2.125,1.782],[0,0],[0,0],[0,0],[0,0]],"o":[[0,0],[0,0],[0.409,23.037],[-4.273,1.759],[-17.599,-14.762],[0,0],[0,0],[0,0],[0,0]],"v":[[-168.742,-220.125],[-142.13,-199.009],[-133.017,-169.125],[-132.997,-141.343],[-138.56,-141.452],[-144.603,-179.959],[-149.715,-144.969],[-131.936,-130.444],[13.176,-9.194]],"c":false}]},{"i":{"x":0.667,"y":1},"o":{"x":0.333,"y":0},"t":25.24,"s":[{"i":[[0,0],[0,0],[-3.35,-10.051],[6.605,-4.623],[5.548,3.65],[0,0],[0,0],[0,0],[0,0]],"o":[[0,0],[0,0],[7.5,22.5],[-5,3.5],[-10.101,-6.645],[0,0],[0,0],[0,0],[0,0]],"v":[[-176.669,-222.826],[-139.5,-181],[-134,-160],[-130.857,-135.361],[-137.377,-135.046],[-156.81,-157.148],[-150.952,-145.118],[-147,-137],[14.746,-0.22]],"c":false}]},{"i":{"x":0.667,"y":1},"o":{"x":0.333,"y":0},"t":39,"s":[{"i":[[0,0],[0,0],[-0.201,-11.326],[7.455,-3.069],[2.125,1.782],[0,0],[0,0],[0,0],[0,0]],"o":[[0,0],[0,0],[0.409,23.037],[-4.273,1.759],[-17.599,-14.762],[0,0],[0,0],[0,0],[0,0]],"v":[[-168.742,-220.125],[-142.13,-199.009],[-133.017,-169.125],[-132.997,-141.343],[-138.56,-141.452],[-144.603,-179.959],[-149.715,-144.969],[-131.936,-130.444],[13.176,-9.194]],"c":false}]},{"i":{"x":0.667,"y":1},"o":{"x":0.333,"y":0},"t":55,"s":[{"i":[[0,0],[0,0],[-3.35,-10.051],[6.605,-4.623],[5.548,3.65],[0,0],[0,0],[0,0],[0,0]],"o":[[0,0],[0,0],[7.5,22.5],[-5,3.5],[-10.101,-6.645],[0,0],[0,0],[0,0],[0,0]],"v":[[-176.669,-222.826],[-139.5,-181],[-134,-160],[-130.857,-135.361],[-137.377,-135.046],[-156.81,-157.148],[-150.952,-145.118],[-147,-137],[14.746,-0.22]],"c":false}]},{"t":80,"s":[{"i":[[0,0],[0,0],[-0.201,-11.326],[7.455,-3.069],[2.125,1.782],[0,0],[0,0],[0,0],[0,0]],"o":[[0,0],[0,0],[0.409,23.037],[-4.273,1.759],[-17.599,-14.762],[0,0],[0,0],[0,0],[0,0]],"v":[[-168.742,-220.125],[-142.13,-199.009],[-133.017,-169.125],[-132.997,-141.343],[-138.56,-141.452],[-144.603,-179.959],[-149.715,-144.969],[-131.936,-130.444],[13.176,-9.194]],"c":false}]}],"ix":2},"nm":"Path 1","mn":"ADBE Vector Shape - Group","hd":false},{"ty":"tm","s":{"a":0,"k":0,"ix":1},"e":{"a":0,"k":86,"ix":2},"o":{"a":0,"k":0,"ix":3},"m":1,"ix":2,"nm":"Trim Paths 1","mn":"ADBE Vector Filter - Trim","hd":false},{"ty":"st","c":{"a":0,"k":[0.101960784314,0.101960784314,0.101960784314,1],"ix":3},"o":{"a":0,"k":100,"ix":4},"w":{"a":0,"k":7,"ix":5},"lc":2,"lj":2,"bm":0,"nm":"Stroke 1","mn":"ADBE Vector Graphic - Stroke","hd":false},{"ty":"tr","p":{"a":0,"k":[0,0],"ix":2},"a":{"a":0,"k":[0,0],"ix":1},"s":{"a":0,"k":[100,100],"ix":3},"r":{"a":0,"k":0,"ix":6},"o":{"a":0,"k":100,"ix":7},"sk":{"a":0,"k":0,"ix":4},"sa":{"a":0,"k":0,"ix":5},"nm":"Transform"}],"nm":"Shape 1","np":4,"cix":2,"bm":0,"ix":7,"mn":"ADBE Vector Group","hd":false},{"ty":"gr","it":[{"ind":0,"ty":"sh","ix":1,"ks":{"a":0,"k":{"i":[[0,0],[0,0],[-37.011,-15.559],[10.697,29.852],[24.141,19.935]],"o":[[0,0],[0,0],[32.444,13.639],[-10.697,-29.852],[-24.141,-19.935]],"v":[[-177.439,-219.531],[-211.792,-202.997],[-187.397,-136.686],[-133.158,-160.355],[-161.799,-212.826]],"c":true},"ix":2},"nm":"Path 1","mn":"ADBE Vector Shape - Group","hd":false},{"ty":"st","c":{"a":0,"k":[1,0.364705882353,0.141176470588,1],"ix":3},"o":{"a":0,"k":100,"ix":4},"w":{"a":0,"k":0,"ix":5},"lc":1,"lj":1,"ml":4,"bm":0,"nm":"Stroke 1","mn":"ADBE Vector Graphic - Stroke","hd":false},{"ty":"fl","c":{"a":0,"k":[1,1,1,1],"ix":4},"o":{"a":0,"k":100,"ix":5},"r":1,"bm":0,"nm":"Fill 1","mn":"ADBE Vector Graphic - Fill","hd":false},{"ty":"tr","p":{"a":0,"k":[0,0],"ix":2},"a":{"a":0,"k":[0,0],"ix":1},"s":{"a":0,"k":[100,100],"ix":3},"r":{"a":0,"k":0,"ix":6},"o":{"a":0,"k":100,"ix":7},"sk":{"a":0,"k":0,"ix":4},"sa":{"a":0,"k":0,"ix":5},"nm":"Transform"}],"nm":"Shape 7","np":3,"cix":2,"bm":0,"ix":8,"mn":"ADBE Vector Group","hd":false}],"ip":0,"op":480,"st":0,"bm":0},{"ddd":0,"ind":12,"ty":4,"nm":"bubbles","sr":1,"ks":{"o":{"a":0,"k":100,"ix":11},"r":{"a":0,"k":0,"ix":10},"p":{"a":1,"k":[{"i":{"x":0.667,"y":1},"o":{"x":0.333,"y":0},"t":29.122,"s":[295,427,0],"to":[0,0,0],"ti":[0,0,0]},{"i":{"x":0,"y":0},"o":{"x":0.333,"y":0.333},"t":46.756,"s":[295,316,0],"to":[0,0,0],"ti":[0,0,0]},{"t":52.609,"s":[295,316,0],"h":1},{"t":54,"s":[339,427,0],"h":1},{"i":{"x":0.667,"y":1},"o":{"x":0.333,"y":0},"t":55.878,"s":[270,427,0],"to":[0,0,0],"ti":[0,0,0]},{"i":{"x":0,"y":0},"o":{"x":0.333,"y":0.333},"t":73,"s":[270,316,0],"to":[0,0,0],"ti":[0,0,0]},{"t":79.3662109375,"s":[270,316,0],"h":1}],"ix":2},"a":{"a":1,"k":[{"i":{"x":0.833,"y":0.833},"o":{"x":0.167,"y":0.167},"t":37,"s":[52,-70,0],"to":[0,0,0],"ti":[0,0,0]},{"t":52.609,"s":[52,-70,0],"h":1},{"t":54,"s":[52,-70,0],"h":1},{"i":{"x":0.833,"y":0.833},"o":{"x":0.167,"y":0.167},"t":64,"s":[52,-70,0],"to":[0,0,0],"ti":[0,0,0]},{"t":79.3662109375,"s":[52,-70,0],"h":1}],"ix":1},"s":{"a":0,"k":[100,100,100],"ix":6}},"ao":0,"shapes":[{"ty":"gr","it":[{"ty":"gr","it":[{"ind":0,"ty":"sh","ix":1,"ks":{"a":0,"k":{"i":[[0,0],[0,0]],"o":[[0,0],[0,0]],"v":[[66.5,-72.5],[82.5,-72.5]],"c":false},"ix":2},"nm":"Path 1","mn":"ADBE Vector Shape - Group","hd":false},{"ty":"st","c":{"a":0,"k":[1,0.364705882353,0.141176470588,1],"ix":3},"o":{"a":0,"k":100,"ix":4},"w":{"a":0,"k":7,"ix":5},"lc":2,"lj":1,"ml":4,"bm":0,"nm":"Stroke 1","mn":"ADBE Vector Graphic - Stroke","hd":false},{"ty":"tr","p":{"a":0,"k":[0,0],"ix":2},"a":{"a":0,"k":[0,0],"ix":1},"s":{"a":0,"k":[100,100],"ix":3},"r":{"a":0,"k":0,"ix":6},"o":{"a":0,"k":100,"ix":7},"sk":{"a":0,"k":0,"ix":4},"sa":{"a":0,"k":0,"ix":5},"nm":"Transform"}],"nm":"Shape 4","np":3,"cix":2,"bm":0,"ix":1,"mn":"ADBE Vector Group","hd":false},{"ty":"gr","it":[{"ind":0,"ty":"sh","ix":1,"ks":{"a":0,"k":{"i":[[0,0],[0,0]],"o":[[0,0],[0,0]],"v":[[37.5,-72.5],[20.5,-72.5]],"c":false},"ix":2},"nm":"Path 1","mn":"ADBE Vector Shape - Group","hd":false},{"ty":"st","c":{"a":0,"k":[1,0.364705882353,0.141176470588,1],"ix":3},"o":{"a":0,"k":100,"ix":4},"w":{"a":0,"k":7,"ix":5},"lc":2,"lj":1,"ml":4,"bm":0,"nm":"Stroke 1","mn":"ADBE Vector Graphic - Stroke","hd":false},{"ty":"tr","p":{"a":0,"k":[0,0],"ix":2},"a":{"a":0,"k":[0,0],"ix":1},"s":{"a":0,"k":[100,100],"ix":3},"r":{"a":0,"k":0,"ix":6},"o":{"a":0,"k":100,"ix":7},"sk":{"a":0,"k":0,"ix":4},"sa":{"a":0,"k":0,"ix":5},"nm":"Transform"}],"nm":"Shape 2","np":3,"cix":2,"bm":0,"ix":2,"mn":"ADBE Vector Group","hd":false},{"ty":"gr","it":[{"ind":0,"ty":"sh","ix":1,"ks":{"a":0,"k":{"i":[[0,0],[0,0]],"o":[[0,0],[0,0]],"v":[[52,-60],[52,-43]],"c":false},"ix":2},"nm":"Path 1","mn":"ADBE Vector Shape - Group","hd":false},{"ty":"st","c":{"a":0,"k":[1,0.364705882353,0.141176470588,1],"ix":3},"o":{"a":0,"k":100,"ix":4},"w":{"a":0,"k":7,"ix":5},"lc":2,"lj":1,"ml":4,"bm":0,"nm":"Stroke 1","mn":"ADBE Vector Graphic - Stroke","hd":false},{"ty":"tr","p":{"a":0,"k":[0,0],"ix":2},"a":{"a":0,"k":[0,0],"ix":1},"s":{"a":0,"k":[100,100],"ix":3},"r":{"a":0,"k":0,"ix":6},"o":{"a":0,"k":100,"ix":7},"sk":{"a":0,"k":0,"ix":4},"sa":{"a":0,"k":0,"ix":5},"nm":"Transform"}],"nm":"Shape 3","np":3,"cix":2,"bm":0,"ix":3,"mn":"ADBE Vector Group","hd":false},{"ty":"gr","it":[{"ind":0,"ty":"sh","ix":1,"ks":{"a":0,"k":{"i":[[0,0],[0,0]],"o":[[0,0],[0,0]],"v":[[52,-82],[52,-99.5]],"c":false},"ix":2},"nm":"Path 1","mn":"ADBE Vector Shape - Group","hd":false},{"ty":"st","c":{"a":0,"k":[1,0.364705882353,0.141176470588,1],"ix":3},"o":{"a":0,"k":100,"ix":4},"w":{"a":0,"k":7,"ix":5},"lc":2,"lj":1,"ml":4,"bm":0,"nm":"Stroke 1","mn":"ADBE Vector Graphic - Stroke","hd":false},{"ty":"tr","p":{"a":0,"k":[0,0],"ix":2},"a":{"a":0,"k":[0,0],"ix":1},"s":{"a":0,"k":[100,100],"ix":3},"r":{"a":0,"k":0,"ix":6},"o":{"a":0,"k":100,"ix":7},"sk":{"a":0,"k":0,"ix":4},"sa":{"a":0,"k":0,"ix":5},"nm":"Transform"}],"nm":"Shape 1","np":3,"cix":2,"bm":0,"ix":4,"mn":"ADBE Vector Group","hd":false},{"ty":"tm","s":{"a":1,"k":[{"i":{"x":[0.667],"y":[1]},"o":{"x":[0.167],"y":[0]},"t":37,"s":[0]},{"i":{"x":[0],"y":[1]},"o":{"x":[0.333],"y":[0]},"t":46.756,"s":[0]},{"t":52.609,"s":[100],"h":1},{"t":54,"s":[0],"h":1},{"i":{"x":[0.667],"y":[1]},"o":{"x":[0.167],"y":[0]},"t":64,"s":[0]},{"i":{"x":[0],"y":[1]},"o":{"x":[0.333],"y":[0]},"t":73.512,"s":[0]},{"t":79.3662109375,"s":[100],"h":1}],"ix":1},"e":{"a":1,"k":[{"i":{"x":[0.833],"y":[1]},"o":{"x":[0.167],"y":[0]},"t":37,"s":[0]},{"i":{"x":[0.667],"y":[1]},"o":{"x":[0.333],"y":[0]},"t":47.731,"s":[0]},{"t":52.609,"s":[100],"h":1},{"t":54,"s":[0],"h":1},{"i":{"x":[0.833],"y":[1]},"o":{"x":[0.167],"y":[0]},"t":64,"s":[0]},{"i":{"x":[0.667],"y":[1]},"o":{"x":[0.333],"y":[0]},"t":74.487,"s":[0]},{"t":79.3662109375,"s":[100],"h":1}],"ix":2},"o":{"a":0,"k":0,"ix":3},"m":1,"ix":5,"nm":"Trim Paths 1","mn":"ADBE Vector Filter - Trim","hd":false},{"ty":"tr","p":{"a":0,"k":[36.25,-86],"ix":2},"a":{"a":0,"k":[36.25,-86],"ix":1},"s":{"a":0,"k":[100,100],"ix":3},"r":{"a":0,"k":0,"ix":6},"o":{"a":0,"k":100,"ix":7},"sk":{"a":0,"k":0,"ix":4},"sa":{"a":0,"k":0,"ix":5},"nm":"Transform"}],"nm":"Group 1","np":5,"cix":2,"bm":0,"ix":1,"mn":"ADBE Vector Group","hd":false},{"ty":"gr","it":[{"d":1,"ty":"el","s":{"a":1,"k":[{"i":{"x":[0.833,0.833],"y":[1,1]},"o":{"x":[0.167,0.167],"y":[0,0]},"t":37,"s":[32,32]},{"i":{"x":[1,1],"y":[1,1]},"o":{"x":[1,1],"y":[0,0]},"t":39.927,"s":[32,32]},{"i":{"x":[0.833,0.833],"y":[1,1]},"o":{"x":[0.167,0.167],"y":[0,0]},"t":46.756,"s":[49,49]},{"t":52.609,"s":[49,49],"h":1},{"t":54,"s":[32,32],"h":1},{"i":{"x":[0.833,0.833],"y":[1,1]},"o":{"x":[0.167,0.167],"y":[0,0]},"t":64,"s":[32,32]},{"i":{"x":[1,1],"y":[1,1]},"o":{"x":[1,1],"y":[0,0]},"t":66.927,"s":[32,32]},{"i":{"x":[0.833,0.833],"y":[1,1]},"o":{"x":[0.167,0.167],"y":[0,0]},"t":73.512,"s":[49,49]},{"t":79.3662109375,"s":[49,49],"h":1}],"ix":2},"p":{"a":0,"k":[0,0],"ix":3},"nm":"Ellipse Path 1","mn":"ADBE Vector Shape - Ellipse","hd":false},{"ty":"st","c":{"a":0,"k":[1,0.364705882353,0.141176470588,1],"ix":3},"o":{"a":0,"k":100,"ix":4},"w":{"a":0,"k":7,"ix":5},"lc":2,"lj":1,"ml":4,"bm":0,"nm":"Stroke 1","mn":"ADBE Vector Graphic - Stroke","hd":false},{"ty":"tr","p":{"a":0,"k":[52,-70],"ix":2},"a":{"a":0,"k":[0,0],"ix":1},"s":{"a":0,"k":[100,100],"ix":3},"r":{"a":0,"k":0,"ix":6},"o":{"a":1,"k":[{"i":{"x":[0.833],"y":[0.833]},"o":{"x":[0.167],"y":[0.167]},"t":37,"s":[100]},{"i":{"x":[0.833],"y":[0.833]},"o":{"x":[0.167],"y":[0.167]},"t":45.78,"s":[100]},{"i":{"x":[0.833],"y":[0.833]},"o":{"x":[0.167],"y":[0.167]},"t":46.756,"s":[0]},{"t":52.609,"s":[0],"h":1},{"t":54,"s":[100],"h":1},{"i":{"x":[0.833],"y":[0.833]},"o":{"x":[0.167],"y":[0.167]},"t":64,"s":[100]},{"i":{"x":[0.833],"y":[0.833]},"o":{"x":[0.167],"y":[0.167]},"t":72.536,"s":[100]},{"i":{"x":[0.833],"y":[0.833]},"o":{"x":[0.167],"y":[0.167]},"t":73.512,"s":[0]},{"t":79.3662109375,"s":[0],"h":1}],"ix":7},"sk":{"a":0,"k":0,"ix":4},"sa":{"a":0,"k":0,"ix":5},"nm":"Transform"}],"nm":"Ellipse 1","np":3,"cix":2,"bm":0,"ix":2,"mn":"ADBE Vector Group","hd":false}],"ip":37,"op":81,"st":37,"bm":0},{"ddd":0,"ind":13,"ty":4,"nm":"bubbles","sr":1,"ks":{"o":{"a":0,"k":100,"ix":11},"r":{"a":0,"k":0,"ix":10},"p":{"a":1,"k":[{"i":{"x":0.667,"y":1},"o":{"x":0.333,"y":0},"t":18.122,"s":[412,441,0],"to":[0,0,0],"ti":[0,0,0]},{"i":{"x":0,"y":0},"o":{"x":0.333,"y":0.333},"t":35.756,"s":[412,330,0],"to":[0,0,0],"ti":[0,0,0]},{"t":41.609,"s":[412,330,0],"h":1},{"t":43,"s":[381,441,0],"h":1},{"i":{"x":0.667,"y":1},"o":{"x":0.333,"y":0},"t":44.878,"s":[381,441,0],"to":[0,0,0],"ti":[0,0,0]},{"i":{"x":0,"y":0},"o":{"x":0.333,"y":0.333},"t":62.512,"s":[381,330,0],"to":[0,0,0],"ti":[0,0,0]},{"t":68.3662109375,"s":[381,330,0],"h":1}],"ix":2},"a":{"a":1,"k":[{"i":{"x":0.833,"y":0.833},"o":{"x":0.167,"y":0.167},"t":26,"s":[52,-70,0],"to":[0,0,0],"ti":[0,0,0]},{"t":41.609,"s":[52,-70,0],"h":1},{"t":43,"s":[52,-70,0],"h":1},{"i":{"x":0.833,"y":0.833},"o":{"x":0.167,"y":0.167},"t":52.756,"s":[52,-70,0],"to":[0,0,0],"ti":[0,0,0]},{"t":68.3662109375,"s":[52,-70,0],"h":1}],"ix":1},"s":{"a":0,"k":[100,100,100],"ix":6}},"ao":0,"shapes":[{"ty":"gr","it":[{"ty":"gr","it":[{"ind":0,"ty":"sh","ix":1,"ks":{"a":0,"k":{"i":[[0,0],[0,0]],"o":[[0,0],[0,0]],"v":[[66.5,-72.5],[82.5,-72.5]],"c":false},"ix":2},"nm":"Path 1","mn":"ADBE Vector Shape - Group","hd":false},{"ty":"st","c":{"a":0,"k":[1,0.364705882353,0.141176470588,1],"ix":3},"o":{"a":0,"k":100,"ix":4},"w":{"a":0,"k":7,"ix":5},"lc":2,"lj":1,"ml":4,"bm":0,"nm":"Stroke 1","mn":"ADBE Vector Graphic - Stroke","hd":false},{"ty":"tr","p":{"a":0,"k":[0,0],"ix":2},"a":{"a":0,"k":[0,0],"ix":1},"s":{"a":0,"k":[100,100],"ix":3},"r":{"a":0,"k":0,"ix":6},"o":{"a":0,"k":100,"ix":7},"sk":{"a":0,"k":0,"ix":4},"sa":{"a":0,"k":0,"ix":5},"nm":"Transform"}],"nm":"Shape 4","np":3,"cix":2,"bm":0,"ix":1,"mn":"ADBE Vector Group","hd":false},{"ty":"gr","it":[{"ind":0,"ty":"sh","ix":1,"ks":{"a":0,"k":{"i":[[0,0],[0,0]],"o":[[0,0],[0,0]],"v":[[37.5,-72.5],[20.5,-72.5]],"c":false},"ix":2},"nm":"Path 1","mn":"ADBE Vector Shape - Group","hd":false},{"ty":"st","c":{"a":0,"k":[1,0.364705882353,0.141176470588,1],"ix":3},"o":{"a":0,"k":100,"ix":4},"w":{"a":0,"k":7,"ix":5},"lc":2,"lj":1,"ml":4,"bm":0,"nm":"Stroke 1","mn":"ADBE Vector Graphic - Stroke","hd":false},{"ty":"tr","p":{"a":0,"k":[0,0],"ix":2},"a":{"a":0,"k":[0,0],"ix":1},"s":{"a":0,"k":[100,100],"ix":3},"r":{"a":0,"k":0,"ix":6},"o":{"a":0,"k":100,"ix":7},"sk":{"a":0,"k":0,"ix":4},"sa":{"a":0,"k":0,"ix":5},"nm":"Transform"}],"nm":"Shape 2","np":3,"cix":2,"bm":0,"ix":2,"mn":"ADBE Vector Group","hd":false},{"ty":"gr","it":[{"ind":0,"ty":"sh","ix":1,"ks":{"a":0,"k":{"i":[[0,0],[0,0]],"o":[[0,0],[0,0]],"v":[[52,-60],[52,-43]],"c":false},"ix":2},"nm":"Path 1","mn":"ADBE Vector Shape - Group","hd":false},{"ty":"st","c":{"a":0,"k":[1,0.364705882353,0.141176470588,1],"ix":3},"o":{"a":0,"k":100,"ix":4},"w":{"a":0,"k":7,"ix":5},"lc":2,"lj":1,"ml":4,"bm":0,"nm":"Stroke 1","mn":"ADBE Vector Graphic - Stroke","hd":false},{"ty":"tr","p":{"a":0,"k":[0,0],"ix":2},"a":{"a":0,"k":[0,0],"ix":1},"s":{"a":0,"k":[100,100],"ix":3},"r":{"a":0,"k":0,"ix":6},"o":{"a":0,"k":100,"ix":7},"sk":{"a":0,"k":0,"ix":4},"sa":{"a":0,"k":0,"ix":5},"nm":"Transform"}],"nm":"Shape 3","np":3,"cix":2,"bm":0,"ix":3,"mn":"ADBE Vector Group","hd":false},{"ty":"gr","it":[{"ind":0,"ty":"sh","ix":1,"ks":{"a":0,"k":{"i":[[0,0],[0,0]],"o":[[0,0],[0,0]],"v":[[52,-82],[52,-99.5]],"c":false},"ix":2},"nm":"Path 1","mn":"ADBE Vector Shape - Group","hd":false},{"ty":"st","c":{"a":0,"k":[1,0.364705882353,0.141176470588,1],"ix":3},"o":{"a":0,"k":100,"ix":4},"w":{"a":0,"k":7,"ix":5},"lc":2,"lj":1,"ml":4,"bm":0,"nm":"Stroke 1","mn":"ADBE Vector Graphic - Stroke","hd":false},{"ty":"tr","p":{"a":0,"k":[0,0],"ix":2},"a":{"a":0,"k":[0,0],"ix":1},"s":{"a":0,"k":[100,100],"ix":3},"r":{"a":0,"k":0,"ix":6},"o":{"a":0,"k":100,"ix":7},"sk":{"a":0,"k":0,"ix":4},"sa":{"a":0,"k":0,"ix":5},"nm":"Transform"}],"nm":"Shape 1","np":3,"cix":2,"bm":0,"ix":4,"mn":"ADBE Vector Group","hd":false},{"ty":"tm","s":{"a":1,"k":[{"i":{"x":[0.667],"y":[1]},"o":{"x":[0.167],"y":[0]},"t":26,"s":[0]},{"i":{"x":[0],"y":[1]},"o":{"x":[0.333],"y":[0]},"t":35.756,"s":[0]},{"t":41.609,"s":[100],"h":1},{"t":43,"s":[0],"h":1},{"i":{"x":[0.667],"y":[1]},"o":{"x":[0.167],"y":[0]},"t":52.756,"s":[0]},{"i":{"x":[0],"y":[1]},"o":{"x":[0.333],"y":[0]},"t":62.512,"s":[0]},{"t":68.3662109375,"s":[100],"h":1}],"ix":1},"e":{"a":1,"k":[{"i":{"x":[0.833],"y":[1]},"o":{"x":[0.167],"y":[0]},"t":26,"s":[0]},{"i":{"x":[0.667],"y":[1]},"o":{"x":[0.333],"y":[0]},"t":36.731,"s":[0]},{"t":41.609,"s":[100],"h":1},{"t":43,"s":[0],"h":1},{"i":{"x":[0.833],"y":[1]},"o":{"x":[0.167],"y":[0]},"t":52.756,"s":[0]},{"i":{"x":[0.667],"y":[1]},"o":{"x":[0.333],"y":[0]},"t":63.487,"s":[0]},{"t":68.3662109375,"s":[100],"h":1}],"ix":2},"o":{"a":0,"k":0,"ix":3},"m":1,"ix":5,"nm":"Trim Paths 1","mn":"ADBE Vector Filter - Trim","hd":false},{"ty":"tr","p":{"a":0,"k":[36.25,-86],"ix":2},"a":{"a":0,"k":[36.25,-86],"ix":1},"s":{"a":0,"k":[100,100],"ix":3},"r":{"a":0,"k":0,"ix":6},"o":{"a":0,"k":100,"ix":7},"sk":{"a":0,"k":0,"ix":4},"sa":{"a":0,"k":0,"ix":5},"nm":"Transform"}],"nm":"Group 1","np":5,"cix":2,"bm":0,"ix":1,"mn":"ADBE Vector Group","hd":false},{"ty":"gr","it":[{"d":1,"ty":"el","s":{"a":1,"k":[{"i":{"x":[0.833,0.833],"y":[1,1]},"o":{"x":[0.167,0.167],"y":[0,0]},"t":26,"s":[32,32]},{"i":{"x":[1,1],"y":[1,1]},"o":{"x":[1,1],"y":[0,0]},"t":28.927,"s":[32,32]},{"i":{"x":[0.833,0.833],"y":[1,1]},"o":{"x":[0.167,0.167],"y":[0,0]},"t":35.756,"s":[49,49]},{"t":41.609,"s":[49,49],"h":1},{"t":43,"s":[32,32],"h":1},{"i":{"x":[0.833,0.833],"y":[1,1]},"o":{"x":[0.167,0.167],"y":[0,0]},"t":52.756,"s":[32,32]},{"i":{"x":[1,1],"y":[1,1]},"o":{"x":[1,1],"y":[0,0]},"t":55.683,"s":[32,32]},{"i":{"x":[0.833,0.833],"y":[1,1]},"o":{"x":[0.167,0.167],"y":[0,0]},"t":62.512,"s":[49,49]},{"t":68.3662109375,"s":[49,49],"h":1}],"ix":2},"p":{"a":0,"k":[0,0],"ix":3},"nm":"Ellipse Path 1","mn":"ADBE Vector Shape - Ellipse","hd":false},{"ty":"st","c":{"a":0,"k":[1,0.364705882353,0.141176470588,1],"ix":3},"o":{"a":0,"k":100,"ix":4},"w":{"a":0,"k":7,"ix":5},"lc":2,"lj":1,"ml":4,"bm":0,"nm":"Stroke 1","mn":"ADBE Vector Graphic - Stroke","hd":false},{"ty":"tr","p":{"a":0,"k":[52,-70],"ix":2},"a":{"a":0,"k":[0,0],"ix":1},"s":{"a":0,"k":[100,100],"ix":3},"r":{"a":0,"k":0,"ix":6},"o":{"a":1,"k":[{"i":{"x":[0.833],"y":[0.833]},"o":{"x":[0.167],"y":[0.167]},"t":26,"s":[100]},{"i":{"x":[0.833],"y":[0.833]},"o":{"x":[0.167],"y":[0.167]},"t":34.78,"s":[100]},{"i":{"x":[0.833],"y":[0.833]},"o":{"x":[0.167],"y":[0.167]},"t":35.756,"s":[0]},{"t":41.609,"s":[0],"h":1},{"t":43,"s":[100],"h":1},{"i":{"x":[0.833],"y":[0.833]},"o":{"x":[0.167],"y":[0.167]},"t":52.756,"s":[100]},{"i":{"x":[0.833],"y":[0.833]},"o":{"x":[0.167],"y":[0.167]},"t":61.536,"s":[100]},{"i":{"x":[0.833],"y":[0.833]},"o":{"x":[0.167],"y":[0.167]},"t":62.512,"s":[0]},{"t":68.3662109375,"s":[0],"h":1}],"ix":7},"sk":{"a":0,"k":0,"ix":4},"sa":{"a":0,"k":0,"ix":5},"nm":"Transform"}],"nm":"Ellipse 1","np":3,"cix":2,"bm":0,"ix":2,"mn":"ADBE Vector Group","hd":false}],"ip":26,"op":81,"st":26,"bm":0}],"markers":[]}