{"v":"4.8.0","meta":{"g":"LottieFiles AE 1.0.0","a":"","k":"","d":"","tc":""},"fr":24,"ip":0,"op":36,"w":177,"h":177,"nm":"Succesfull file","ddd":0,"assets":[{"id":"comp_0","layers":[{"ddd":0,"ind":1,"ty":4,"nm":"tick Outlines","sr":1,"ks":{"o":{"a":0,"k":100,"ix":11},"r":{"a":0,"k":0,"ix":10},"p":{"a":0,"k":[88.5,88.5,0],"ix":2},"a":{"a":0,"k":[28.13,23.878,0],"ix":1},"s":{"a":0,"k":[100,100,100],"ix":6}},"ao":0,"shapes":[{"ty":"gr","it":[{"ind":0,"ty":"sh","ix":1,"ks":{"a":0,"k":{"i":[[0,0],[0,0],[0,0]],"o":[[0,0],[0,0],[0,0]],"v":[[-12.25,-0.175],[-3.924,7.998],[12.25,-7.998]],"c":false},"ix":2},"nm":"Path 1","mn":"ADBE Vector Shape - Group","hd":false},{"ty":"st","c":{"a":0,"k":[1,1,1,1],"ix":3},"o":{"a":0,"k":100,"ix":4},"w":{"a":0,"k":6,"ix":5},"lc":2,"lj":2,"bm":0,"nm":"Stroke 1","mn":"ADBE Vector Graphic - Stroke","hd":false},{"ty":"tr","p":{"a":0,"k":[28.13,23.878],"ix":2},"a":{"a":0,"k":[0,0],"ix":1},"s":{"a":0,"k":[100,100],"ix":3},"r":{"a":0,"k":0,"ix":6},"o":{"a":0,"k":100,"ix":7},"sk":{"a":0,"k":0,"ix":4},"sa":{"a":0,"k":0,"ix":5},"nm":"Transform"}],"nm":"Group 1","np":2,"cix":2,"bm":0,"ix":1,"mn":"ADBE Vector Group","hd":false},{"ty":"tm","s":{"a":0,"k":0,"ix":1},"e":{"a":1,"k":[{"i":{"x":[0.103],"y":[1.009]},"o":{"x":[0.355],"y":[0]},"t":9,"s":[0]},{"t":15,"s":[100]}],"ix":2},"o":{"a":0,"k":0,"ix":3},"m":1,"ix":2,"nm":"Trim Paths 1","mn":"ADBE Vector Filter - Trim","hd":false}],"ip":0,"op":240,"st":0,"bm":0},{"ddd":0,"ind":2,"ty":4,"nm":"Green circle Outlines","sr":1,"ks":{"o":{"a":0,"k":100,"ix":11},"r":{"a":0,"k":0,"ix":10},"p":{"a":0,"k":[88.5,88.5,0],"ix":2},"a":{"a":0,"k":[35.25,35.25,0],"ix":1},"s":{"a":0,"k":[100,100,100],"ix":6}},"ao":0,"shapes":[{"ty":"gr","it":[{"ind":0,"ty":"sh","ix":1,"ks":{"a":0,"k":{"i":[[0,-19.33],[19.33,0],[0,19.33],[-19.33,0]],"o":[[0,19.33],[-19.33,0],[0,-19.33],[19.33,0]],"v":[[35,0],[0,35],[-35,0],[0,-35]],"c":true},"ix":2},"nm":"Path 1","mn":"ADBE Vector Shape - Group","hd":false},{"ty":"fl","c":{"a":0,"k":[0.078431372549,0.737254901961,0.317647058824,1],"ix":4},"o":{"a":0,"k":100,"ix":5},"r":1,"bm":0,"nm":"Fill 1","mn":"ADBE Vector Graphic - Fill","hd":false},{"ty":"tr","p":{"a":0,"k":[35.25,35.25],"ix":2},"a":{"a":0,"k":[0,0],"ix":1},"s":{"a":0,"k":[100,100],"ix":3},"r":{"a":0,"k":0,"ix":6},"o":{"a":0,"k":100,"ix":7},"sk":{"a":0,"k":0,"ix":4},"sa":{"a":0,"k":0,"ix":5},"nm":"Transform"}],"nm":"Group 1","np":2,"cix":2,"bm":0,"ix":1,"mn":"ADBE Vector Group","hd":false}],"ip":0,"op":240,"st":0,"bm":0}]}],"layers":[{"ddd":0,"ind":1,"ty":0,"nm":"Green tick","refId":"comp_0","sr":1,"ks":{"o":{"a":0,"k":100,"ix":11},"r":{"a":0,"k":0,"ix":10},"p":{"a":0,"k":[88.5,88.5,0],"ix":2},"a":{"a":0,"k":[88.5,88.5,0],"ix":1},"s":{"a":1,"k":[{"i":{"x":[0,0,0.667],"y":[0.995,0.995,1]},"o":{"x":[0.333,0.333,0.333],"y":[0,0,0]},"t":1,"s":[0,0,100]},{"i":{"x":[0.174,0.174,0.667],"y":[0.667,0.667,1]},"o":{"x":[0.333,0.333,0.333],"y":[0,0,0]},"t":5,"s":[105,105,100]},{"t":11,"s":[100,100,100]}],"ix":6}},"ao":0,"w":177,"h":177,"ip":0,"op":240,"st":0,"bm":0},{"ddd":0,"ind":2,"ty":4,"nm":"Yellow line Outlines","sr":1,"ks":{"o":{"a":1,"k":[{"i":{"x":[0.833],"y":[0.833]},"o":{"x":[0.167],"y":[0.167]},"t":10,"s":[0]},{"t":11,"s":[100]}],"ix":11},"r":{"a":0,"k":-24,"ix":10},"p":{"a":1,"k":[{"i":{"x":0.532,"y":0.972},"o":{"x":0.333,"y":0},"t":11,"s":[115.792,117.742,0],"to":[2.5,2.167,0],"ti":[-2.5,-2.167,0]},{"t":13,"s":[130.792,130.742,0]}],"ix":2},"a":{"a":0,"k":[14.543,21.272,0],"ix":1},"s":{"a":0,"k":[100,100,100],"ix":6}},"ao":0,"shapes":[{"ty":"gr","it":[{"ind":0,"ty":"sh","ix":1,"ks":{"a":0,"k":{"i":[[0,0],[6.398,-20.631]],"o":[[0,0],[0,0]],"v":[[-7.029,-13.757],[0.63,13.757]],"c":false},"ix":2},"nm":"Path 1","mn":"ADBE Vector Shape - Group","hd":false},{"ty":"st","c":{"a":0,"k":[0.984313785329,0.784313785329,0.423529441684,1],"ix":3},"o":{"a":0,"k":100,"ix":4},"w":{"a":0,"k":3.006,"ix":5},"lc":2,"lj":1,"ml":10,"bm":0,"nm":"Stroke 1","mn":"ADBE Vector Graphic - Stroke","hd":false},{"ty":"tr","p":{"a":0,"k":[14.543,21.272],"ix":2},"a":{"a":0,"k":[0,0],"ix":1},"s":{"a":0,"k":[100,100],"ix":3},"r":{"a":0,"k":0,"ix":6},"o":{"a":0,"k":100,"ix":7},"sk":{"a":0,"k":0,"ix":4},"sa":{"a":0,"k":0,"ix":5},"nm":"Transform"}],"nm":"Group 1","np":2,"cix":2,"bm":0,"ix":1,"mn":"ADBE Vector Group","hd":false},{"ty":"tm","s":{"a":1,"k":[{"i":{"x":[0.222],"y":[0.958]},"o":{"x":[0.333],"y":[0]},"t":12,"s":[0]},{"t":22,"s":[100]}],"ix":1},"e":{"a":1,"k":[{"i":{"x":[0.667],"y":[1]},"o":{"x":[0.333],"y":[0]},"t":8,"s":[72]},{"t":16,"s":[100]}],"ix":2},"o":{"a":0,"k":0,"ix":3},"m":1,"ix":2,"nm":"Trim Paths 1","mn":"ADBE Vector Filter - Trim","hd":false}],"ip":4,"op":244,"st":4,"bm":0},{"ddd":0,"ind":3,"ty":4,"nm":"orange line Outlines","sr":1,"ks":{"o":{"a":1,"k":[{"i":{"x":[0.833],"y":[0.833]},"o":{"x":[0.167],"y":[0.167]},"t":9,"s":[0]},{"t":10,"s":[100]}],"ix":11},"r":{"a":0,"k":0,"ix":10},"p":{"a":1,"k":[{"i":{"x":0.667,"y":1},"o":{"x":0.333,"y":0},"t":10,"s":[104.977,73.528,0],"to":[6.667,-3.333,0],"ti":[-6.667,3.333,0]},{"t":13,"s":[144.977,53.528,0]}],"ix":2},"a":{"a":0,"k":[20.972,25.046,0],"ix":1},"s":{"a":0,"k":[100,100,100],"ix":6}},"ao":0,"shapes":[{"ty":"gr","it":[{"ind":0,"ty":"sh","ix":1,"ks":{"a":0,"k":{"i":[[0,0],[0,0],[13.227,2.994]],"o":[[-17.306,-7.736],[0,0],[0,0]],"v":[[13.457,-9.796],[-2.102,4.056],[-13.457,14.538]],"c":false},"ix":2},"nm":"Path 1","mn":"ADBE Vector Shape - Group","hd":false},{"ty":"st","c":{"a":0,"k":[1,0.415686304429,0.372549019608,1],"ix":3},"o":{"a":0,"k":100,"ix":4},"w":{"a":0,"k":3.006,"ix":5},"lc":2,"lj":1,"ml":10,"bm":0,"nm":"Stroke 1","mn":"ADBE Vector Graphic - Stroke","hd":false},{"ty":"tr","p":{"a":0,"k":[20.972,25.046],"ix":2},"a":{"a":0,"k":[0,0],"ix":1},"s":{"a":0,"k":[100,100],"ix":3},"r":{"a":0,"k":0,"ix":6},"o":{"a":0,"k":100,"ix":7},"sk":{"a":0,"k":0,"ix":4},"sa":{"a":0,"k":0,"ix":5},"nm":"Transform"}],"nm":"Group 1","np":2,"cix":2,"bm":0,"ix":1,"mn":"ADBE Vector Group","hd":false},{"ty":"tm","s":{"a":1,"k":[{"i":{"x":[0.833],"y":[1]},"o":{"x":[0.333],"y":[0]},"t":12,"s":[72]},{"t":22,"s":[0]}],"ix":1},"e":{"a":1,"k":[{"i":{"x":[0.482],"y":[0.991]},"o":{"x":[0.333],"y":[0]},"t":17,"s":[100]},{"t":26,"s":[0]}],"ix":2},"o":{"a":0,"k":0,"ix":3},"m":1,"ix":2,"nm":"Trim Paths 1","mn":"ADBE Vector Filter - Trim","hd":false}],"ip":2,"op":242,"st":2,"bm":0},{"ddd":0,"ind":4,"ty":4,"nm":"blue line Outlines","sr":1,"ks":{"o":{"a":1,"k":[{"i":{"x":[0.667],"y":[1]},"o":{"x":[0.333],"y":[0]},"t":10,"s":[0]},{"t":11,"s":[100]}],"ix":11},"r":{"a":0,"k":0,"ix":10},"p":{"a":1,"k":[{"i":{"x":0.262,"y":1},"o":{"x":0.333,"y":0},"t":11,"s":[91.52,87.241,0],"to":[-10.471,6.008,0],"ti":[10.471,-6.008,0]},{"t":15,"s":[28.691,123.287,0]}],"ix":2},"a":{"a":0,"k":[27.444,20.058,0],"ix":1},"s":{"a":0,"k":[100,100,100],"ix":6}},"ao":0,"shapes":[{"ty":"gr","it":[{"ind":0,"ty":"sh","ix":1,"ks":{"a":0,"k":{"i":[[0,0],[-10.425,-3.766],[7.959,0.975],[-28.483,-2.797]],"o":[[0,0],[7.504,2.71],[-7.161,-0.878],[0,0]],"v":[[-19.929,7.288],[4.134,-1.073],[2.025,11.568],[19.929,-9.747]],"c":false},"ix":2},"nm":"Path 1","mn":"ADBE Vector Shape - Group","hd":false},{"ty":"st","c":{"a":0,"k":[0.498039245605,0.84313731474,1,1],"ix":3},"o":{"a":0,"k":100,"ix":4},"w":{"a":0,"k":3.006,"ix":5},"lc":2,"lj":2,"bm":0,"nm":"Stroke 1","mn":"ADBE Vector Graphic - Stroke","hd":false},{"ty":"tr","p":{"a":0,"k":[27.444,20.058],"ix":2},"a":{"a":0,"k":[0,0],"ix":1},"s":{"a":0,"k":[100,100],"ix":3},"r":{"a":0,"k":0,"ix":6},"o":{"a":0,"k":100,"ix":7},"sk":{"a":0,"k":0,"ix":4},"sa":{"a":0,"k":0,"ix":5},"nm":"Transform"}],"nm":"Group 1","np":2,"cix":2,"bm":0,"ix":1,"mn":"ADBE Vector Group","hd":false},{"ty":"tm","s":{"a":1,"k":[{"i":{"x":[0.833],"y":[0.833]},"o":{"x":[0.167],"y":[0.167]},"t":8,"s":[56]},{"t":19,"s":[0]}],"ix":1},"e":{"a":1,"k":[{"i":{"x":[0.667],"y":[1]},"o":{"x":[0.167],"y":[0]},"t":8,"s":[65]},{"i":{"x":[0.397],"y":[1]},"o":{"x":[0.333],"y":[0]},"t":13,"s":[100]},{"t":25,"s":[0]}],"ix":2},"o":{"a":0,"k":0,"ix":3},"m":1,"ix":2,"nm":"Trim Paths 1","mn":"ADBE Vector Filter - Trim","hd":false}],"ip":4,"op":244,"st":4,"bm":0},{"ddd":0,"ind":5,"ty":4,"nm":"blue dot2 Outlines","sr":1,"ks":{"o":{"a":1,"k":[{"i":{"x":[0.1],"y":[0.995]},"o":{"x":[0.333],"y":[0]},"t":12,"s":[100]},{"t":16,"s":[0]}],"ix":11},"r":{"a":0,"k":0,"ix":10},"p":{"a":1,"k":[{"i":{"x":0.383,"y":1},"o":{"x":0.333,"y":0},"t":7,"s":[94.18,111.122,0],"to":[3.333,8.333,0],"ti":[-3.333,-8.333,0]},{"t":16,"s":[114.18,161.122,0]}],"ix":2},"a":{"a":0,"k":[6.112,6.112,0],"ix":1},"s":{"a":0,"k":[100,100,100],"ix":6}},"ao":0,"shapes":[{"ty":"gr","it":[{"ind":0,"ty":"sh","ix":1,"ks":{"a":0,"k":{"i":[[0,-3.237],[3.238,0],[0,3.237],[-3.237,0]],"o":[[0,3.237],[-3.237,0],[0,-3.237],[3.238,0]],"v":[[5.862,0],[0,5.862],[-5.862,0],[0,-5.862]],"c":true},"ix":2},"nm":"Path 1","mn":"ADBE Vector Shape - Group","hd":false},{"ty":"fl","c":{"a":0,"k":[0.141176470588,0.756862804936,0.819607902976,1],"ix":4},"o":{"a":0,"k":100,"ix":5},"r":1,"bm":0,"nm":"Fill 1","mn":"ADBE Vector Graphic - Fill","hd":false},{"ty":"tr","p":{"a":0,"k":[6.112,6.112],"ix":2},"a":{"a":0,"k":[0,0],"ix":1},"s":{"a":0,"k":[100,100],"ix":3},"r":{"a":0,"k":0,"ix":6},"o":{"a":0,"k":100,"ix":7},"sk":{"a":0,"k":0,"ix":4},"sa":{"a":0,"k":0,"ix":5},"nm":"Transform"}],"nm":"Group 1","np":2,"cix":2,"bm":0,"ix":1,"mn":"ADBE Vector Group","hd":false}],"ip":3,"op":243,"st":3,"bm":0},{"ddd":0,"ind":6,"ty":4,"nm":"blue dot1 Outlines","sr":1,"ks":{"o":{"a":1,"k":[{"i":{"x":[0.019],"y":[0.989]},"o":{"x":[0.333],"y":[0]},"t":17,"s":[100]},{"t":21,"s":[0]}],"ix":11},"r":{"a":0,"k":0,"ix":10},"p":{"a":1,"k":[{"i":{"x":0.343,"y":1},"o":{"x":0.333,"y":0},"t":12,"s":[97.633,88.119,0],"to":[22.333,-12,0],"ti":[-10.833,0,0]},{"t":21,"s":[162.633,88.119,0]}],"ix":2},"a":{"a":0,"k":[5.855,5.855,0],"ix":1},"s":{"a":0,"k":[100,100,100],"ix":6}},"ao":0,"shapes":[{"ty":"gr","it":[{"ind":0,"ty":"sh","ix":1,"ks":{"a":0,"k":{"i":[[0,-3.096],[3.095,0],[0,3.096],[-3.096,0]],"o":[[0,3.096],[-3.096,0],[0,-3.096],[3.095,0]],"v":[[5.605,0],[0.001,5.605],[-5.605,0],[0.001,-5.605]],"c":true},"ix":2},"nm":"Path 1","mn":"ADBE Vector Shape - Group","hd":false},{"ty":"fl","c":{"a":0,"k":[0.141176470588,0.756862804936,0.819607902976,1],"ix":4},"o":{"a":0,"k":100,"ix":5},"r":1,"bm":0,"nm":"Fill 1","mn":"ADBE Vector Graphic - Fill","hd":false},{"ty":"tr","p":{"a":0,"k":[5.855,5.855],"ix":2},"a":{"a":0,"k":[0,0],"ix":1},"s":{"a":0,"k":[100,100],"ix":3},"r":{"a":0,"k":0,"ix":6},"o":{"a":0,"k":100,"ix":7},"sk":{"a":0,"k":0,"ix":4},"sa":{"a":0,"k":0,"ix":5},"nm":"Transform"}],"nm":"Group 1","np":2,"cix":2,"bm":0,"ix":1,"mn":"ADBE Vector Group","hd":false}],"ip":2,"op":242,"st":2,"bm":0},{"ddd":0,"ind":7,"ty":4,"nm":"yellow dot1 Outlines","sr":1,"ks":{"o":{"a":1,"k":[{"i":{"x":[0.019],"y":[0.995]},"o":{"x":[0.333],"y":[0]},"t":14,"s":[100]},{"t":18,"s":[0]}],"ix":11},"r":{"a":0,"k":0,"ix":10},"p":{"a":1,"k":[{"i":{"x":0.343,"y":1},"o":{"x":0.333,"y":0},"t":9,"s":[92.22,83.122,0],"to":[3.333,-10.833,0],"ti":[-3.333,10.833,0]},{"t":18,"s":[112.22,18.122,0]}],"ix":2},"a":{"a":0,"k":[3.195,3.194,0],"ix":1},"s":{"a":0,"k":[100,100,100],"ix":6}},"ao":0,"shapes":[{"ty":"gr","it":[{"ind":0,"ty":"sh","ix":1,"ks":{"a":0,"k":{"i":[[0,-1.626],[1.626,0],[0,1.626],[-1.627,0]],"o":[[0,1.626],[-1.627,0],[0,-1.626],[1.626,0]],"v":[[2.945,0],[0.001,2.944],[-2.945,0],[0.001,-2.944]],"c":true},"ix":2},"nm":"Path 1","mn":"ADBE Vector Shape - Group","hd":false},{"ty":"fl","c":{"a":0,"k":[0.984313785329,0.784313785329,0.423529441684,1],"ix":4},"o":{"a":0,"k":100,"ix":5},"r":1,"bm":0,"nm":"Fill 1","mn":"ADBE Vector Graphic - Fill","hd":false},{"ty":"tr","p":{"a":0,"k":[3.194,3.194],"ix":2},"a":{"a":0,"k":[0,0],"ix":1},"s":{"a":0,"k":[100,100],"ix":3},"r":{"a":0,"k":0,"ix":6},"o":{"a":0,"k":100,"ix":7},"sk":{"a":0,"k":0,"ix":4},"sa":{"a":0,"k":0,"ix":5},"nm":"Transform"}],"nm":"Group 1","np":2,"cix":2,"bm":0,"ix":1,"mn":"ADBE Vector Group","hd":false}],"ip":2,"op":242,"st":2,"bm":0},{"ddd":0,"ind":8,"ty":4,"nm":"purple dot2 Outlines","sr":1,"ks":{"o":{"a":1,"k":[{"i":{"x":[0.019],"y":[0.995]},"o":{"x":[0.333],"y":[0]},"t":17,"s":[100]},{"t":20,"s":[0]}],"ix":11},"r":{"a":0,"k":0,"ix":10},"p":{"a":1,"k":[{"i":{"x":0.389,"y":1},"o":{"x":0.333,"y":0},"t":11,"s":[82.01,95.743,0],"to":[-5.833,10,0],"ti":[5.833,-10,0]},{"t":20,"s":[47.01,155.743,0]}],"ix":2},"a":{"a":0,"k":[6.112,6.112,0],"ix":1},"s":{"a":0,"k":[100,100,100],"ix":6}},"ao":0,"shapes":[{"ty":"gr","it":[{"ind":0,"ty":"sh","ix":1,"ks":{"a":0,"k":{"i":[[0,-3.237],[3.238,0],[0,3.237],[-3.237,0]],"o":[[0,3.237],[-3.237,0],[0,-3.237],[3.238,0]],"v":[[5.862,0],[0,5.862],[-5.862,0],[0,-5.862]],"c":true},"ix":2},"nm":"Path 1","mn":"ADBE Vector Shape - Group","hd":false},{"ty":"fl","c":{"a":0,"k":[0.870588295133,0.643137254902,1,1],"ix":4},"o":{"a":0,"k":100,"ix":5},"r":1,"bm":0,"nm":"Fill 1","mn":"ADBE Vector Graphic - Fill","hd":false},{"ty":"tr","p":{"a":0,"k":[6.112,6.112],"ix":2},"a":{"a":0,"k":[0,0],"ix":1},"s":{"a":0,"k":[100,100],"ix":3},"r":{"a":0,"k":0,"ix":6},"o":{"a":0,"k":100,"ix":7},"sk":{"a":0,"k":0,"ix":4},"sa":{"a":0,"k":0,"ix":5},"nm":"Transform"}],"nm":"Group 1","np":2,"cix":2,"bm":0,"ix":1,"mn":"ADBE Vector Group","hd":false}],"ip":2,"op":242,"st":2,"bm":0},{"ddd":0,"ind":9,"ty":4,"nm":"purple dot1 Outlines","sr":1,"ks":{"o":{"a":1,"k":[{"i":{"x":[0],"y":[0.995]},"o":{"x":[0.333],"y":[0]},"t":23,"s":[100]},{"t":26,"s":[0]}],"ix":11},"r":{"a":0,"k":0,"ix":10},"p":{"a":1,"k":[{"i":{"x":0.408,"y":1},"o":{"x":0.333,"y":0},"t":11,"s":[91.639,90.541,0],"to":[-4.167,-13.333,0],"ti":[4.167,13.333,0]},{"t":26,"s":[66.639,10.541,0]}],"ix":2},"a":{"a":0,"k":[6.112,6.112,0],"ix":1},"s":{"a":0,"k":[100,100,100],"ix":6}},"ao":0,"shapes":[{"ty":"gr","it":[{"ind":0,"ty":"sh","ix":1,"ks":{"a":0,"k":{"i":[[0,-3.237],[3.238,0],[0,3.237],[-3.237,0]],"o":[[0,3.237],[-3.237,0],[0,-3.237],[3.238,0]],"v":[[5.862,0],[0,5.862],[-5.862,0],[0,-5.862]],"c":true},"ix":2},"nm":"Path 1","mn":"ADBE Vector Shape - Group","hd":false},{"ty":"fl","c":{"a":0,"k":[0.870588295133,0.643137254902,1,1],"ix":4},"o":{"a":0,"k":100,"ix":5},"r":1,"bm":0,"nm":"Fill 1","mn":"ADBE Vector Graphic - Fill","hd":false},{"ty":"tr","p":{"a":0,"k":[6.112,6.112],"ix":2},"a":{"a":0,"k":[0,0],"ix":1},"s":{"a":0,"k":[100,100],"ix":3},"r":{"a":0,"k":0,"ix":6},"o":{"a":0,"k":100,"ix":7},"sk":{"a":0,"k":0,"ix":4},"sa":{"a":0,"k":0,"ix":5},"nm":"Transform"}],"nm":"Group 1","np":2,"cix":2,"bm":0,"ix":1,"mn":"ADBE Vector Group","hd":false}],"ip":2,"op":242,"st":2,"bm":0},{"ddd":0,"ind":10,"ty":4,"nm":"Green dot3 Outlines","sr":1,"ks":{"o":{"a":1,"k":[{"i":{"x":[0],"y":[0.995]},"o":{"x":[0.333],"y":[0]},"t":15,"s":[100]},{"t":18,"s":[0]}],"ix":11},"r":{"a":0,"k":0,"ix":10},"p":{"a":1,"k":[{"i":{"x":0.343,"y":1},"o":{"x":0.333,"y":0},"t":8,"s":[84.276,94.377,0],"to":[0.833,11.667,0],"ti":[-0.833,-11.667,0]},{"t":18,"s":[89.276,164.377,0]}],"ix":2},"a":{"a":0,"k":[3.194,3.194,0],"ix":1},"s":{"a":0,"k":[100,100,100],"ix":6}},"ao":0,"shapes":[{"ty":"gr","it":[{"ind":0,"ty":"sh","ix":1,"ks":{"a":0,"k":{"i":[[0,-1.626],[1.626,0],[0,1.626],[-1.627,0]],"o":[[0,1.626],[-1.627,0],[0,-1.626],[1.626,0]],"v":[[2.945,0],[0.001,2.944],[-2.945,0],[0.001,-2.944]],"c":true},"ix":2},"nm":"Path 1","mn":"ADBE Vector Shape - Group","hd":false},{"ty":"fl","c":{"a":0,"k":[0.078431372549,0.733333333333,0.317647058824,1],"ix":4},"o":{"a":0,"k":100,"ix":5},"r":1,"bm":0,"nm":"Fill 1","mn":"ADBE Vector Graphic - Fill","hd":false},{"ty":"tr","p":{"a":0,"k":[3.194,3.194],"ix":2},"a":{"a":0,"k":[0,0],"ix":1},"s":{"a":0,"k":[100,100],"ix":3},"r":{"a":0,"k":0,"ix":6},"o":{"a":0,"k":100,"ix":7},"sk":{"a":0,"k":0,"ix":4},"sa":{"a":0,"k":0,"ix":5},"nm":"Transform"}],"nm":"Group 1","np":2,"cix":2,"bm":0,"ix":1,"mn":"ADBE Vector Group","hd":false}],"ip":2,"op":242,"st":2,"bm":0},{"ddd":0,"ind":11,"ty":4,"nm":"Green dot1 Outlines","sr":1,"ks":{"o":{"a":1,"k":[{"i":{"x":[0],"y":[0.989]},"o":{"x":[0.333],"y":[0]},"t":15,"s":[100]},{"t":19,"s":[0]}],"ix":11},"r":{"a":0,"k":0,"ix":10},"p":{"a":1,"k":[{"i":{"x":0.343,"y":1},"o":{"x":0.333,"y":0},"t":9,"s":[85.498,96.143,0],"to":[-9.167,-9.167,0],"ti":[9.167,9.167,0]},{"t":19,"s":[30.498,41.143,0]}],"ix":2},"a":{"a":0,"k":[6.112,6.112,0],"ix":1},"s":{"a":0,"k":[100,100,100],"ix":6}},"ao":0,"shapes":[{"ty":"gr","it":[{"ind":0,"ty":"sh","ix":1,"ks":{"a":0,"k":{"i":[[0,-3.237],[3.238,0],[0,3.237],[-3.237,0]],"o":[[0,3.237],[-3.237,0],[0,-3.237],[3.238,0]],"v":[[5.862,0],[0,5.862],[-5.862,0],[0,-5.862]],"c":true},"ix":2},"nm":"Path 1","mn":"ADBE Vector Shape - Group","hd":false},{"ty":"fl","c":{"a":0,"k":[0.078431372549,0.733333333333,0.317647058824,1],"ix":4},"o":{"a":0,"k":100,"ix":5},"r":1,"bm":0,"nm":"Fill 1","mn":"ADBE Vector Graphic - Fill","hd":false},{"ty":"tr","p":{"a":0,"k":[6.112,6.112],"ix":2},"a":{"a":0,"k":[0,0],"ix":1},"s":{"a":0,"k":[100,100],"ix":3},"r":{"a":0,"k":0,"ix":6},"o":{"a":0,"k":100,"ix":7},"sk":{"a":0,"k":0,"ix":4},"sa":{"a":0,"k":0,"ix":5},"nm":"Transform"}],"nm":"Group 1","np":2,"cix":2,"bm":0,"ix":1,"mn":"ADBE Vector Group","hd":false}],"ip":2,"op":242,"st":2,"bm":0}],"markers":[]}